case_id,artifact_dir,normalization,pair_compile_ok,prog_a_compile_ok,prog_b_compile_ok,prog_a_normalized_path,prog_b_normalized_path,prog_a_ir_path,prog_b_ir_path,prog_a_error,prog_b_error
goeq-dce-0002,dataset/cases/goeq-dce-0002/artifacts/clang-llvm-o0-novol-v1,novol,True,True,True,dataset/cases/goeq-dce-0002/artifacts/clang-llvm-o0-novol-v1/prog_a/normalized.novol.c,dataset/cases/goeq-dce-0002/artifacts/clang-llvm-o0-novol-v1/prog_b/normalized.novol.c,dataset/cases/goeq-dce-0002/artifacts/clang-llvm-o0-novol-v1/prog_a/module.ll,dataset/cases/goeq-dce-0002/artifacts/clang-llvm-o0-novol-v1/prog_b/module.ll,,
goeq-dce-0003,dataset/cases/goeq-dce-0003/artifacts/clang-llvm-o0-novol-v1,novol,True,True,True,dataset/cases/goeq-dce-0003/artifacts/clang-llvm-o0-novol-v1/prog_a/normalized.novol.c,dataset/cases/goeq-dce-0003/artifacts/clang-llvm-o0-novol-v1/prog_b/normalized.novol.c,dataset/cases/goeq-dce-0003/artifacts/clang-llvm-o0-novol-v1/prog_a/module.ll,dataset/cases/goeq-dce-0003/artifacts/clang-llvm-o0-novol-v1/prog_b/module.ll,,
goeq-dce-0004,dataset/cases/goeq-dce-0004/artifacts/clang-llvm-o0-novol-v1,novol,True,True,True,dataset/cases/goeq-dce-0004/artifacts/clang-llvm-o0-novol-v1/prog_a/normalized.novol.c,dataset/cases/goeq-dce-0004/artifacts/clang-llvm-o0-novol-v1/prog_b/normalized.novol.c,dataset/cases/goeq-dce-0004/artifacts/clang-llvm-o0-novol-v1/prog_a/module.ll,dataset/cases/goeq-dce-0004/artifacts/clang-llvm-o0-novol-v1/prog_b/module.ll,,
goeq-dce-0005,dataset/cases/goeq-dce-0005/artifacts/clang-llvm-o0-novol-v1,novol,True,True,True,dataset/cases/goeq-dce-0005/artifacts/clang-llvm-o0-novol-v1/prog_a/normalized.novol.c,dataset/cases/goeq-dce-0005/artifacts/clang-llvm-o0-novol-v1/prog_b/normalized.novol.c,dataset/cases/goeq-dce-0005/artifacts/clang-llvm-o0-novol-v1/prog_a/module.ll,dataset/cases/goeq-dce-0005/artifacts/clang-llvm-o0-novol-v1/prog_b/module.ll,,
goeq-dce-0006,dataset/cases/goeq-dce-0006/artifacts/clang-llvm-o0-novol-v1,novol,True,True,True,dataset/cases/goeq-dce-0006/artifacts/clang-llvm-o0-novol-v1/prog_a/normalized.novol.c,dataset/cases/goeq-dce-0006/artifacts/clang-llvm-o0-novol-v1/prog_b/normalized.novol.c,dataset/cases/goeq-dce-0006/artifacts/clang-llvm-o0-novol-v1/prog_a/module.ll,dataset/cases/goeq-dce-0006/artifacts/clang-llvm-o0-novol-v1/prog_b/module.ll,,
goeq-dce-0007,dataset/cases/goeq-dce-0007/artifacts/clang-llvm-o0-novol-v1,novol,True,True,True,dataset/cases/goeq-dce-0007/artifacts/clang-llvm-o0-novol-v1/prog_a/normalized.novol.c,dataset/cases/goeq-dce-0007/artifacts/clang-llvm-o0-novol-v1/prog_b/normalized.novol.c,dataset/cases/goeq-dce-0007/artifacts/clang-llvm-o0-novol-v1/prog_a/module.ll,dataset/cases/goeq-dce-0007/artifacts/clang-llvm-o0-novol-v1/prog_b/module.ll,,
goeq-dce-0008,dataset/cases/goeq-dce-0008/artifacts/clang-llvm-o0-novol-v1,novol,True,True,True,dataset/cases/goeq-dce-0008/artifacts/clang-llvm-o0-novol-v1/prog_a/normalized.novol.c,dataset/cases/goeq-dce-0008/artifacts/clang-llvm-o0-novol-v1/prog_b/normalized.novol.c,dataset/cases/goeq-dce-0008/artifacts/clang-llvm-o0-novol-v1/prog_a/module.ll,dataset/cases/goeq-dce-0008/artifacts/clang-llvm-o0-novol-v1/prog_b/module.ll,,
goeq-dce-0009,dataset/cases/goeq-dce-0009/artifacts/clang-llvm-o0-novol-v1,novol,True,True,True,dataset/cases/goeq-dce-0009/artifacts/clang-llvm-o0-novol-v1/prog_a/normalized.novol.c,dataset/cases/goeq-dce-0009/artifacts/clang-llvm-o0-novol-v1/prog_b/normalized.novol.c,dataset/cases/goeq-dce-0009/artifacts/clang-llvm-o0-novol-v1/prog_a/module.ll,dataset/cases/goeq-dce-0009/artifacts/clang-llvm-o0-novol-v1/prog_b/module.ll,,
goeq-dce-0010,dataset/cases/goeq-dce-0010/artifacts/clang-llvm-o0-novol-v1,novol,True,True,True,dataset/cases/goeq-dce-0010/artifacts/clang-llvm-o0-novol-v1/prog_a/normalized.novol.c,dataset/cases/goeq-dce-0010/artifacts/clang-llvm-o0-novol-v1/prog_b/normalized.novol.c,dataset/cases/goeq-dce-0010/artifacts/clang-llvm-o0-novol-v1/prog_a/module.ll,dataset/cases/goeq-dce-0010/artifacts/clang-llvm-o0-novol-v1/prog_b/module.ll,,
goeq-dce-0011,dataset/cases/goeq-dce-0011/artifacts/clang-llvm-o0-novol-v1,novol,True,True,True,dataset/cases/goeq-dce-0011/artifacts/clang-llvm-o0-novol-v1/prog_a/normalized.novol.c,dataset/cases/goeq-dce-0011/artifacts/clang-llvm-o0-novol-v1/prog_b/normalized.novol.c,dataset/cases/goeq-dce-0011/artifacts/clang-llvm-o0-novol-v1/prog_a/module.ll,dataset/cases/goeq-dce-0011/artifacts/clang-llvm-o0-novol-v1/prog_b/module.ll,,
goeq-dce-0012,dataset/cases/goeq-dce-0012/artifacts/clang-llvm-o0-novol-v1,novol,True,True,True,dataset/cases/goeq-dce-0012/artifacts/clang-llvm-o0-novol-v1/prog_a/normalized.novol.c,dataset/cases/goeq-dce-0012/artifacts/clang-llvm-o0-novol-v1/prog_b/normalized.novol.c,dataset/cases/goeq-dce-0012/artifacts/clang-llvm-o0-novol-v1/prog_a/module.ll,dataset/cases/goeq-dce-0012/artifacts/clang-llvm-o0-novol-v1/prog_b/module.ll,,
goeq-dce-0013,dataset/cases/goeq-dce-0013/artifacts/clang-llvm-o0-novol-v1,novol,True,True,True,dataset/cases/goeq-dce-0013/artifacts/clang-llvm-o0-novol-v1/prog_a/normalized.novol.c,dataset/cases/goeq-dce-0013/artifacts/clang-llvm-o0-novol-v1/prog_b/normalized.novol.c,dataset/cases/goeq-dce-0013/artifacts/clang-llvm-o0-novol-v1/prog_a/module.ll,dataset/cases/goeq-dce-0013/artifacts/clang-llvm-o0-novol-v1/prog_b/module.ll,,
goeq-dce-0014,dataset/cases/goeq-dce-0014/artifacts/clang-llvm-o0-novol-v1,novol,True,True,True,dataset/cases/goeq-dce-0014/artifacts/clang-llvm-o0-novol-v1/prog_a/normalized.novol.c,dataset/cases/goeq-dce-0014/artifacts/clang-llvm-o0-novol-v1/prog_b/normalized.novol.c,dataset/cases/goeq-dce-0014/artifacts/clang-llvm-o0-novol-v1/prog_a/module.ll,dataset/cases/goeq-dce-0014/artifacts/clang-llvm-o0-novol-v1/prog_b/module.ll,,
goeq-dce-0015,dataset/cases/goeq-dce-0015/artifacts/clang-llvm-o0-novol-v1,novol,True,True,True,dataset/cases/goeq-dce-0015/artifacts/clang-llvm-o0-novol-v1/prog_a/normalized.novol.c,dataset/cases/goeq-dce-0015/artifacts/clang-llvm-o0-novol-v1/prog_b/normalized.novol.c,dataset/cases/goeq-dce-0015/artifacts/clang-llvm-o0-novol-v1/prog_a/module.ll,dataset/cases/goeq-dce-0015/artifacts/clang-llvm-o0-novol-v1/prog_b/module.ll,,
goeq-dce-0018,dataset/cases/goeq-dce-0018/artifacts/clang-llvm-o0-novol-v1,novol,True,True,True,dataset/cases/goeq-dce-0018/artifacts/clang-llvm-o0-novol-v1/prog_a/normalized.novol.c,dataset/cases/goeq-dce-0018/artifacts/clang-llvm-o0-novol-v1/prog_b/normalized.novol.c,dataset/cases/goeq-dce-0018/artifacts/clang-llvm-o0-novol-v1/prog_a/module.ll,dataset/cases/goeq-dce-0018/artifacts/clang-llvm-o0-novol-v1/prog_b/module.ll,,
goeq-dce-0019,dataset/cases/goeq-dce-0019/artifacts/clang-llvm-o0-novol-v1,novol,True,True,True,dataset/cases/goeq-dce-0019/artifacts/clang-llvm-o0-novol-v1/prog_a/normalized.novol.c,dataset/cases/goeq-dce-0019/artifacts/clang-llvm-o0-novol-v1/prog_b/normalized.novol.c,dataset/cases/goeq-dce-0019/artifacts/clang-llvm-o0-novol-v1/prog_a/module.ll,dataset/cases/goeq-dce-0019/artifacts/clang-llvm-o0-novol-v1/prog_b/module.ll,,
goeq-dce-0026,dataset/cases/goeq-dce-0026/artifacts/clang-llvm-o0-novol-v1,novol,True,True,True,dataset/cases/goeq-dce-0026/artifacts/clang-llvm-o0-novol-v1/prog_a/normalized.novol.c,dataset/cases/goeq-dce-0026/artifacts/clang-llvm-o0-novol-v1/prog_b/normalized.novol.c,dataset/cases/goeq-dce-0026/artifacts/clang-llvm-o0-novol-v1/prog_a/module.ll,dataset/cases/goeq-dce-0026/artifacts/clang-llvm-o0-novol-v1/prog_b/module.ll,,
goeq-dce-0027,dataset/cases/goeq-dce-0027/artifacts/clang-llvm-o0-novol-v1,novol,True,True,True,dataset/cases/goeq-dce-0027/artifacts/clang-llvm-o0-novol-v1/prog_a/normalized.novol.c,dataset/cases/goeq-dce-0027/artifacts/clang-llvm-o0-novol-v1/prog_b/normalized.novol.c,dataset/cases/goeq-dce-0027/artifacts/clang-llvm-o0-novol-v1/prog_a/module.ll,dataset/cases/goeq-dce-0027/artifacts/clang-llvm-o0-novol-v1/prog_b/module.ll,,
goeq-dce-0028,dataset/cases/goeq-dce-0028/artifacts/clang-llvm-o0-novol-v1,novol,True,True,True,dataset/cases/goeq-dce-0028/artifacts/clang-llvm-o0-novol-v1/prog_a/normalized.novol.c,dataset/cases/goeq-dce-0028/artifacts/clang-llvm-o0-novol-v1/prog_b/normalized.novol.c,dataset/cases/goeq-dce-0028/artifacts/clang-llvm-o0-novol-v1/prog_a/module.ll,dataset/cases/goeq-dce-0028/artifacts/clang-llvm-o0-novol-v1/prog_b/module.ll,,
goeq-dce-0029,dataset/cases/goeq-dce-0029/artifacts/clang-llvm-o0-novol-v1,novol,True,True,True,dataset/cases/goeq-dce-0029/artifacts/clang-llvm-o0-novol-v1/prog_a/normalized.novol.c,dataset/cases/goeq-dce-0029/artifacts/clang-llvm-o0-novol-v1/prog_b/normalized.novol.c,dataset/cases/goeq-dce-0029/artifacts/clang-llvm-o0-novol-v1/prog_a/module.ll,dataset/cases/goeq-dce-0029/artifacts/clang-llvm-o0-novol-v1/prog_b/module.ll,,
goeq-dce-0036,dataset/cases/goeq-dce-0036/artifacts/clang-llvm-o0-novol-v1,novol,True,True,True,dataset/cases/goeq-dce-0036/artifacts/clang-llvm-o0-novol-v1/prog_a/normalized.novol.c,dataset/cases/goeq-dce-0036/artifacts/clang-llvm-o0-novol-v1/prog_b/normalized.novol.c,dataset/cases/goeq-dce-0036/artifacts/clang-llvm-o0-novol-v1/prog_a/module.ll,dataset/cases/goeq-dce-0036/artifacts/clang-llvm-o0-novol-v1/prog_b/module.ll,,
goeq-dce-0037,dataset/cases/goeq-dce-0037/artifacts/clang-llvm-o0-novol-v1,novol,True,True,True,dataset/cases/goeq-dce-0037/artifacts/clang-llvm-o0-novol-v1/prog_a/normalized.novol.c,dataset/cases/goeq-dce-0037/artifacts/clang-llvm-o0-novol-v1/prog_b/normalized.novol.c,dataset/cases/goeq-dce-0037/artifacts/clang-llvm-o0-novol-v1/prog_a/module.ll,dataset/cases/goeq-dce-0037/artifacts/clang-llvm-o0-novol-v1/prog_b/module.ll,,
goeq-dce-0044,dataset/cases/goeq-dce-0044/artifacts/clang-llvm-o0-novol-v1,novol,True,True,True,dataset/cases/goeq-dce-0044/artifacts/clang-llvm-o0-novol-v1/prog_a/normalized.novol.c,dataset/cases/goeq-dce-0044/artifacts/clang-llvm-o0-novol-v1/prog_b/normalized.novol.c,dataset/cases/goeq-dce-0044/artifacts/clang-llvm-o0-novol-v1/prog_a/module.ll,dataset/cases/goeq-dce-0044/artifacts/clang-llvm-o0-novol-v1/prog_b/module.ll,,
goeq-dce-0045,dataset/cases/goeq-dce-0045/artifacts/clang-llvm-o0-novol-v1,novol,True,True,True,dataset/cases/goeq-dce-0045/artifacts/clang-llvm-o0-novol-v1/prog_a/normalized.novol.c,dataset/cases/goeq-dce-0045/artifacts/clang-llvm-o0-novol-v1/prog_b/normalized.novol.c,dataset/cases/goeq-dce-0045/artifacts/clang-llvm-o0-novol-v1/prog_a/module.ll,dataset/cases/goeq-dce-0045/artifacts/clang-llvm-o0-novol-v1/prog_b/module.ll,,
goeq-dce-0046,dataset/cases/goeq-dce-0046/artifacts/clang-llvm-o0-novol-v1,novol,True,True,True,dataset/cases/goeq-dce-0046/artifacts/clang-llvm-o0-novol-v1/prog_a/normalized.novol.c,dataset/cases/goeq-dce-0046/artifacts/clang-llvm-o0-novol-v1/prog_b/normalized.novol.c,dataset/cases/goeq-dce-0046/artifacts/clang-llvm-o0-novol-v1/prog_a/module.ll,dataset/cases/goeq-dce-0046/artifacts/clang-llvm-o0-novol-v1/prog_b/module.ll,,
goeq-dce-0047,dataset/cases/goeq-dce-0047/artifacts/clang-llvm-o0-novol-v1,novol,True,True,True,dataset/cases/goeq-dce-0047/artifacts/clang-llvm-o0-novol-v1/prog_a/normalized.novol.c,dataset/cases/goeq-dce-0047/artifacts/clang-llvm-o0-novol-v1/prog_b/normalized.novol.c,dataset/cases/goeq-dce-0047/artifacts/clang-llvm-o0-novol-v1/prog_a/module.ll,dataset/cases/goeq-dce-0047/artifacts/clang-llvm-o0-novol-v1/prog_b/module.ll,,
goeq-dce-0052,dataset/cases/goeq-dce-0052/artifacts/clang-llvm-o0-novol-v1,novol,True,True,True,dataset/cases/goeq-dce-0052/artifacts/clang-llvm-o0-novol-v1/prog_a/normalized.novol.c,dataset/cases/goeq-dce-0052/artifacts/clang-llvm-o0-novol-v1/prog_b/normalized.novol.c,dataset/cases/goeq-dce-0052/artifacts/clang-llvm-o0-novol-v1/prog_a/module.ll,dataset/cases/goeq-dce-0052/artifacts/clang-llvm-o0-novol-v1/prog_b/module.ll,,
goeq-dce-0053,dataset/cases/goeq-dce-0053/artifacts/clang-llvm-o0-novol-v1,novol,True,True,True,dataset/cases/goeq-dce-0053/artifacts/clang-llvm-o0-novol-v1/prog_a/normalized.novol.c,dataset/cases/goeq-dce-0053/artifacts/clang-llvm-o0-novol-v1/prog_b/normalized.novol.c,dataset/cases/goeq-dce-0053/artifacts/clang-llvm-o0-novol-v1/prog_a/module.ll,dataset/cases/goeq-dce-0053/artifacts/clang-llvm-o0-novol-v1/prog_b/module.ll,,
goeq-dce-0054,dataset/cases/goeq-dce-0054/artifacts/clang-llvm-o0-novol-v1,novol,True,True,True,dataset/cases/goeq-dce-0054/artifacts/clang-llvm-o0-novol-v1/prog_a/normalized.novol.c,dataset/cases/goeq-dce-0054/artifacts/clang-llvm-o0-novol-v1/prog_b/normalized.novol.c,dataset/cases/goeq-dce-0054/artifacts/clang-llvm-o0-novol-v1/prog_a/module.ll,dataset/cases/goeq-dce-0054/artifacts/clang-llvm-o0-novol-v1/prog_b/module.ll,,
goeq-dce-0055,dataset/cases/goeq-dce-0055/artifacts/clang-llvm-o0-novol-v1,novol,True,True,True,dataset/cases/goeq-dce-0055/artifacts/clang-llvm-o0-novol-v1/prog_a/normalized.novol.c,dataset/cases/goeq-dce-0055/artifacts/clang-llvm-o0-novol-v1/prog_b/normalized.novol.c,dataset/cases/goeq-dce-0055/artifacts/clang-llvm-o0-novol-v1/prog_a/module.ll,dataset/cases/goeq-dce-0055/artifacts/clang-llvm-o0-novol-v1/prog_b/module.ll,,
goeq-dce-0058,dataset/cases/goeq-dce-0058/artifacts/clang-llvm-o0-novol-v1,novol,True,True,True,dataset/cases/goeq-dce-0058/artifacts/clang-llvm-o0-novol-v1/prog_a/normalized.novol.c,dataset/cases/goeq-dce-0058/artifacts/clang-llvm-o0-novol-v1/prog_b/normalized.novol.c,dataset/cases/goeq-dce-0058/artifacts/clang-llvm-o0-novol-v1/prog_a/module.ll,dataset/cases/goeq-dce-0058/artifacts/clang-llvm-o0-novol-v1/prog_b/module.ll,,
goeq-dce-0059,dataset/cases/goeq-dce-0059/artifacts/clang-llvm-o0-novol-v1,novol,True,True,True,dataset/cases/goeq-dce-0059/artifacts/clang-llvm-o0-novol-v1/prog_a/normalized.novol.c,dataset/cases/goeq-dce-0059/artifacts/clang-llvm-o0-novol-v1/prog_b/normalized.novol.c,dataset/cases/goeq-dce-0059/artifacts/clang-llvm-o0-novol-v1/prog_a/module.ll,dataset/cases/goeq-dce-0059/artifacts/clang-llvm-o0-novol-v1/prog_b/module.ll,,
goeq-dce-0060,dataset/cases/goeq-dce-0060/artifacts/clang-llvm-o0-novol-v1,novol,True,True,True,dataset/cases/goeq-dce-0060/artifacts/clang-llvm-o0-novol-v1/prog_a/normalized.novol.c,dataset/cases/goeq-dce-0060/artifacts/clang-llvm-o0-novol-v1/prog_b/normalized.novol.c,dataset/cases/goeq-dce-0060/artifacts/clang-llvm-o0-novol-v1/prog_a/module.ll,dataset/cases/goeq-dce-0060/artifacts/clang-llvm-o0-novol-v1/prog_b/module.ll,,
goeq-dce-0061,dataset/cases/goeq-dce-0061/artifacts/clang-llvm-o0-novol-v1,novol,True,True,True,dataset/cases/goeq-dce-0061/artifacts/clang-llvm-o0-novol-v1/prog_a/normalized.novol.c,dataset/cases/goeq-dce-0061/artifacts/clang-llvm-o0-novol-v1/prog_b/normalized.novol.c,dataset/cases/goeq-dce-0061/artifacts/clang-llvm-o0-novol-v1/prog_a/module.ll,dataset/cases/goeq-dce-0061/artifacts/clang-llvm-o0-novol-v1/prog_b/module.ll,,
goeq-dce-0062,dataset/cases/goeq-dce-0062/artifacts/clang-llvm-o0-novol-v1,novol,True,True,True,dataset/cases/goeq-dce-0062/artifacts/clang-llvm-o0-novol-v1/prog_a/normalized.novol.c,dataset/cases/goeq-dce-0062/artifacts/clang-llvm-o0-novol-v1/prog_b/normalized.novol.c,dataset/cases/goeq-dce-0062/artifacts/clang-llvm-o0-novol-v1/prog_a/module.ll,dataset/cases/goeq-dce-0062/artifacts/clang-llvm-o0-novol-v1/prog_b/module.ll,,
goeq-dce-0063,dataset/cases/goeq-dce-0063/artifacts/clang-llvm-o0-novol-v1,novol,True,True,True,dataset/cases/goeq-dce-0063/artifacts/clang-llvm-o0-novol-v1/prog_a/normalized.novol.c,dataset/cases/goeq-dce-0063/artifacts/clang-llvm-o0-novol-v1/prog_b/normalized.novol.c,dataset/cases/goeq-dce-0063/artifacts/clang-llvm-o0-novol-v1/prog_a/module.ll,dataset/cases/goeq-dce-0063/artifacts/clang-llvm-o0-novol-v1/prog_b/module.ll,,
goeq-dce-0064,dataset/cases/goeq-dce-0064/artifacts/clang-llvm-o0-novol-v1,novol,True,True,True,dataset/cases/goeq-dce-0064/artifacts/clang-llvm-o0-novol-v1/prog_a/normalized.novol.c,dataset/cases/goeq-dce-0064/artifacts/clang-llvm-o0-novol-v1/prog_b/normalized.novol.c,dataset/cases/goeq-dce-0064/artifacts/clang-llvm-o0-novol-v1/prog_a/module.ll,dataset/cases/goeq-dce-0064/artifacts/clang-llvm-o0-novol-v1/prog_b/module.ll,,
goeq-dce-0065,dataset/cases/goeq-dce-0065/artifacts/clang-llvm-o0-novol-v1,novol,True,True,True,dataset/cases/goeq-dce-0065/artifacts/clang-llvm-o0-novol-v1/prog_a/normalized.novol.c,dataset/cases/goeq-dce-0065/artifacts/clang-llvm-o0-novol-v1/prog_b/normalized.novol.c,dataset/cases/goeq-dce-0065/artifacts/clang-llvm-o0-novol-v1/prog_a/module.ll,dataset/cases/goeq-dce-0065/artifacts/clang-llvm-o0-novol-v1/prog_b/module.ll,,
goeq-dce-0068,dataset/cases/goeq-dce-0068/artifacts/clang-llvm-o0-novol-v1,novol,True,True,True,dataset/cases/goeq-dce-0068/artifacts/clang-llvm-o0-novol-v1/prog_a/normalized.novol.c,dataset/cases/goeq-dce-0068/artifacts/clang-llvm-o0-novol-v1/prog_b/normalized.novol.c,dataset/cases/goeq-dce-0068/artifacts/clang-llvm-o0-novol-v1/prog_a/module.ll,dataset/cases/goeq-dce-0068/artifacts/clang-llvm-o0-novol-v1/prog_b/module.ll,,
goeq-dce-0069,dataset/cases/goeq-dce-0069/artifacts/clang-llvm-o0-novol-v1,novol,True,True,True,dataset/cases/goeq-dce-0069/artifacts/clang-llvm-o0-novol-v1/prog_a/normalized.novol.c,dataset/cases/goeq-dce-0069/artifacts/clang-llvm-o0-novol-v1/prog_b/normalized.novol.c,dataset/cases/goeq-dce-0069/artifacts/clang-llvm-o0-novol-v1/prog_a/module.ll,dataset/cases/goeq-dce-0069/artifacts/clang-llvm-o0-novol-v1/prog_b/module.ll,,
goeq-dce-0070,dataset/cases/goeq-dce-0070/artifacts/clang-llvm-o0-novol-v1,novol,True,True,True,dataset/cases/goeq-dce-0070/artifacts/clang-llvm-o0-novol-v1/prog_a/normalized.novol.c,dataset/cases/goeq-dce-0070/artifacts/clang-llvm-o0-novol-v1/prog_b/normalized.novol.c,dataset/cases/goeq-dce-0070/artifacts/clang-llvm-o0-novol-v1/prog_a/module.ll,dataset/cases/goeq-dce-0070/artifacts/clang-llvm-o0-novol-v1/prog_b/module.ll,,
goeq-dce-0071,dataset/cases/goeq-dce-0071/artifacts/clang-llvm-o0-novol-v1,novol,True,True,True,dataset/cases/goeq-dce-0071/artifacts/clang-llvm-o0-novol-v1/prog_a/normalized.novol.c,dataset/cases/goeq-dce-0071/artifacts/clang-llvm-o0-novol-v1/prog_b/normalized.novol.c,dataset/cases/goeq-dce-0071/artifacts/clang-llvm-o0-novol-v1/prog_a/module.ll,dataset/cases/goeq-dce-0071/artifacts/clang-llvm-o0-novol-v1/prog_b/module.ll,,
goeq-dce-0080,dataset/cases/goeq-dce-0080/artifacts/clang-llvm-o0-novol-v1,novol,True,True,True,dataset/cases/goeq-dce-0080/artifacts/clang-llvm-o0-novol-v1/prog_a/normalized.novol.c,dataset/cases/goeq-dce-0080/artifacts/clang-llvm-o0-novol-v1/prog_b/normalized.novol.c,dataset/cases/goeq-dce-0080/artifacts/clang-llvm-o0-novol-v1/prog_a/module.ll,dataset/cases/goeq-dce-0080/artifacts/clang-llvm-o0-novol-v1/prog_b/module.ll,,
goeq-dce-0081,dataset/cases/goeq-dce-0081/artifacts/clang-llvm-o0-novol-v1,novol,True,True,True,dataset/cases/goeq-dce-0081/artifacts/clang-llvm-o0-novol-v1/prog_a/normalized.novol.c,dataset/cases/goeq-dce-0081/artifacts/clang-llvm-o0-novol-v1/prog_b/normalized.novol.c,dataset/cases/goeq-dce-0081/artifacts/clang-llvm-o0-novol-v1/prog_a/module.ll,dataset/cases/goeq-dce-0081/artifacts/clang-llvm-o0-novol-v1/prog_b/module.ll,,
goeq-dce-0084,dataset/cases/goeq-dce-0084/artifacts/clang-llvm-o0-novol-v1,novol,True,True,True,dataset/cases/goeq-dce-0084/artifacts/clang-llvm-o0-novol-v1/prog_a/normalized.novol.c,dataset/cases/goeq-dce-0084/artifacts/clang-llvm-o0-novol-v1/prog_b/normalized.novol.c,dataset/cases/goeq-dce-0084/artifacts/clang-llvm-o0-novol-v1/prog_a/module.ll,dataset/cases/goeq-dce-0084/artifacts/clang-llvm-o0-novol-v1/prog_b/module.ll,,
goeq-dce-0085,dataset/cases/goeq-dce-0085/artifacts/clang-llvm-o0-novol-v1,novol,True,True,True,dataset/cases/goeq-dce-0085/artifacts/clang-llvm-o0-novol-v1/prog_a/normalized.novol.c,dataset/cases/goeq-dce-0085/artifacts/clang-llvm-o0-novol-v1/prog_b/normalized.novol.c,dataset/cases/goeq-dce-0085/artifacts/clang-llvm-o0-novol-v1/prog_a/module.ll,dataset/cases/goeq-dce-0085/artifacts/clang-llvm-o0-novol-v1/prog_b/module.ll,,
goeq-dce-0086,dataset/cases/goeq-dce-0086/artifacts/clang-llvm-o0-novol-v1,novol,True,True,True,dataset/cases/goeq-dce-0086/artifacts/clang-llvm-o0-novol-v1/prog_a/normalized.novol.c,dataset/cases/goeq-dce-0086/artifacts/clang-llvm-o0-novol-v1/prog_b/normalized.novol.c,dataset/cases/goeq-dce-0086/artifacts/clang-llvm-o0-novol-v1/prog_a/module.ll,dataset/cases/goeq-dce-0086/artifacts/clang-llvm-o0-novol-v1/prog_b/module.ll,,
goeq-dce-0087,dataset/cases/goeq-dce-0087/artifacts/clang-llvm-o0-novol-v1,novol,True,True,True,dataset/cases/goeq-dce-0087/artifacts/clang-llvm-o0-novol-v1/prog_a/normalized.novol.c,dataset/cases/goeq-dce-0087/artifacts/clang-llvm-o0-novol-v1/prog_b/normalized.novol.c,dataset/cases/goeq-dce-0087/artifacts/clang-llvm-o0-novol-v1/prog_a/module.ll,dataset/cases/goeq-dce-0087/artifacts/clang-llvm-o0-novol-v1/prog_b/module.ll,,
goeq-dce-0088,dataset/cases/goeq-dce-0088/artifacts/clang-llvm-o0-novol-v1,novol,True,True,True,dataset/cases/goeq-dce-0088/artifacts/clang-llvm-o0-novol-v1/prog_a/normalized.novol.c,dataset/cases/goeq-dce-0088/artifacts/clang-llvm-o0-novol-v1/prog_b/normalized.novol.c,dataset/cases/goeq-dce-0088/artifacts/clang-llvm-o0-novol-v1/prog_a/module.ll,dataset/cases/goeq-dce-0088/artifacts/clang-llvm-o0-novol-v1/prog_b/module.ll,,
goeq-dce-0089,dataset/cases/goeq-dce-0089/artifacts/clang-llvm-o0-novol-v1,novol,True,True,True,dataset/cases/goeq-dce-0089/artifacts/clang-llvm-o0-novol-v1/prog_a/normalized.novol.c,dataset/cases/goeq-dce-0089/artifacts/clang-llvm-o0-novol-v1/prog_b/normalized.novol.c,dataset/cases/goeq-dce-0089/artifacts/clang-llvm-o0-novol-v1/prog_a/module.ll,dataset/cases/goeq-dce-0089/artifacts/clang-llvm-o0-novol-v1/prog_b/module.ll,,
goeq-dce-0102,dataset/cases/goeq-dce-0102/artifacts/clang-llvm-o0-novol-v1,novol,True,True,True,dataset/cases/goeq-dce-0102/artifacts/clang-llvm-o0-novol-v1/prog_a/normalized.novol.c,dataset/cases/goeq-dce-0102/artifacts/clang-llvm-o0-novol-v1/prog_b/normalized.novol.c,dataset/cases/goeq-dce-0102/artifacts/clang-llvm-o0-novol-v1/prog_a/module.ll,dataset/cases/goeq-dce-0102/artifacts/clang-llvm-o0-novol-v1/prog_b/module.ll,,
goeq-dce-0103,dataset/cases/goeq-dce-0103/artifacts/clang-llvm-o0-novol-v1,novol,True,True,True,dataset/cases/goeq-dce-0103/artifacts/clang-llvm-o0-novol-v1/prog_a/normalized.novol.c,dataset/cases/goeq-dce-0103/artifacts/clang-llvm-o0-novol-v1/prog_b/normalized.novol.c,dataset/cases/goeq-dce-0103/artifacts/clang-llvm-o0-novol-v1/prog_a/module.ll,dataset/cases/goeq-dce-0103/artifacts/clang-llvm-o0-novol-v1/prog_b/module.ll,,
goeq-dce-0110,dataset/cases/goeq-dce-0110/artifacts/clang-llvm-o0-novol-v1,novol,True,True,True,dataset/cases/goeq-dce-0110/artifacts/clang-llvm-o0-novol-v1/prog_a/normalized.novol.c,dataset/cases/goeq-dce-0110/artifacts/clang-llvm-o0-novol-v1/prog_b/normalized.novol.c,dataset/cases/goeq-dce-0110/artifacts/clang-llvm-o0-novol-v1/prog_a/module.ll,dataset/cases/goeq-dce-0110/artifacts/clang-llvm-o0-novol-v1/prog_b/module.ll,,
goeq-dce-0111,dataset/cases/goeq-dce-0111/artifacts/clang-llvm-o0-novol-v1,novol,True,True,True,dataset/cases/goeq-dce-0111/artifacts/clang-llvm-o0-novol-v1/prog_a/normalized.novol.c,dataset/cases/goeq-dce-0111/artifacts/clang-llvm-o0-novol-v1/prog_b/normalized.novol.c,dataset/cases/goeq-dce-0111/artifacts/clang-llvm-o0-novol-v1/prog_a/module.ll,dataset/cases/goeq-dce-0111/artifacts/clang-llvm-o0-novol-v1/prog_b/module.ll,,
goeq-dce-0112,dataset/cases/goeq-dce-0112/artifacts/clang-llvm-o0-novol-v1,novol,True,True,True,dataset/cases/goeq-dce-0112/artifacts/clang-llvm-o0-novol-v1/prog_a/normalized.novol.c,dataset/cases/goeq-dce-0112/artifacts/clang-llvm-o0-novol-v1/prog_b/normalized.novol.c,dataset/cases/goeq-dce-0112/artifacts/clang-llvm-o0-novol-v1/prog_a/module.ll,dataset/cases/goeq-dce-0112/artifacts/clang-llvm-o0-novol-v1/prog_b/module.ll,,
goeq-dce-0113,dataset/cases/goeq-dce-0113/artifacts/clang-llvm-o0-novol-v1,novol,True,True,True,dataset/cases/goeq-dce-0113/artifacts/clang-llvm-o0-novol-v1/prog_a/normalized.novol.c,dataset/cases/goeq-dce-0113/artifacts/clang-llvm-o0-novol-v1/prog_b/normalized.novol.c,dataset/cases/goeq-dce-0113/artifacts/clang-llvm-o0-novol-v1/prog_a/module.ll,dataset/cases/goeq-dce-0113/artifacts/clang-llvm-o0-novol-v1/prog_b/module.ll,,
goeq-dce-0114,dataset/cases/goeq-dce-0114/artifacts/clang-llvm-o0-novol-v1,novol,True,True,True,dataset/cases/goeq-dce-0114/artifacts/clang-llvm-o0-novol-v1/prog_a/normalized.novol.c,dataset/cases/goeq-dce-0114/artifacts/clang-llvm-o0-novol-v1/prog_b/normalized.novol.c,dataset/cases/goeq-dce-0114/artifacts/clang-llvm-o0-novol-v1/prog_a/module.ll,dataset/cases/goeq-dce-0114/artifacts/clang-llvm-o0-novol-v1/prog_b/module.ll,,
goeq-dce-0115,dataset/cases/goeq-dce-0115/artifacts/clang-llvm-o0-novol-v1,novol,True,True,True,dataset/cases/goeq-dce-0115/artifacts/clang-llvm-o0-novol-v1/prog_a/normalized.novol.c,dataset/cases/goeq-dce-0115/artifacts/clang-llvm-o0-novol-v1/prog_b/normalized.novol.c,dataset/cases/goeq-dce-0115/artifacts/clang-llvm-o0-novol-v1/prog_a/module.ll,dataset/cases/goeq-dce-0115/artifacts/clang-llvm-o0-novol-v1/prog_b/module.ll,,
goeq-dce-0118,dataset/cases/goeq-dce-0118/artifacts/clang-llvm-o0-novol-v1,novol,True,True,True,dataset/cases/goeq-dce-0118/artifacts/clang-llvm-o0-novol-v1/prog_a/normalized.novol.c,dataset/cases/goeq-dce-0118/artifacts/clang-llvm-o0-novol-v1/prog_b/normalized.novol.c,dataset/cases/goeq-dce-0118/artifacts/clang-llvm-o0-novol-v1/prog_a/module.ll,dataset/cases/goeq-dce-0118/artifacts/clang-llvm-o0-novol-v1/prog_b/module.ll,,
goeq-dce-0119,dataset/cases/goeq-dce-0119/artifacts/clang-llvm-o0-novol-v1,novol,True,True,True,dataset/cases/goeq-dce-0119/artifacts/clang-llvm-o0-novol-v1/prog_a/normalized.novol.c,dataset/cases/goeq-dce-0119/artifacts/clang-llvm-o0-novol-v1/prog_b/normalized.novol.c,dataset/cases/goeq-dce-0119/artifacts/clang-llvm-o0-novol-v1/prog_a/module.ll,dataset/cases/goeq-dce-0119/artifacts/clang-llvm-o0-novol-v1/prog_b/module.ll,,
goeq-dce-0120,dataset/cases/goeq-dce-0120/artifacts/clang-llvm-o0-novol-v1,novol,True,True,True,dataset/cases/goeq-dce-0120/artifacts/clang-llvm-o0-novol-v1/prog_a/normalized.novol.c,dataset/cases/goeq-dce-0120/artifacts/clang-llvm-o0-novol-v1/prog_b/normalized.novol.c,dataset/cases/goeq-dce-0120/artifacts/clang-llvm-o0-novol-v1/prog_a/module.ll,dataset/cases/goeq-dce-0120/artifacts/clang-llvm-o0-novol-v1/prog_b/module.ll,,
goeq-dce-0121,dataset/cases/goeq-dce-0121/artifacts/clang-llvm-o0-novol-v1,novol,True,True,True,dataset/cases/goeq-dce-0121/artifacts/clang-llvm-o0-novol-v1/prog_a/normalized.novol.c,dataset/cases/goeq-dce-0121/artifacts/clang-llvm-o0-novol-v1/prog_b/normalized.novol.c,dataset/cases/goeq-dce-0121/artifacts/clang-llvm-o0-novol-v1/prog_a/module.ll,dataset/cases/goeq-dce-0121/artifacts/clang-llvm-o0-novol-v1/prog_b/module.ll,,
goeq-dce-0126,dataset/cases/goeq-dce-0126/artifacts/clang-llvm-o0-novol-v1,novol,True,True,True,dataset/cases/goeq-dce-0126/artifacts/clang-llvm-o0-novol-v1/prog_a/normalized.novol.c,dataset/cases/goeq-dce-0126/artifacts/clang-llvm-o0-novol-v1/prog_b/normalized.novol.c,dataset/cases/goeq-dce-0126/artifacts/clang-llvm-o0-novol-v1/prog_a/module.ll,dataset/cases/goeq-dce-0126/artifacts/clang-llvm-o0-novol-v1/prog_b/module.ll,,
goeq-dce-0127,dataset/cases/goeq-dce-0127/artifacts/clang-llvm-o0-novol-v1,novol,True,True,True,dataset/cases/goeq-dce-0127/artifacts/clang-llvm-o0-novol-v1/prog_a/normalized.novol.c,dataset/cases/goeq-dce-0127/artifacts/clang-llvm-o0-novol-v1/prog_b/normalized.novol.c,dataset/cases/goeq-dce-0127/artifacts/clang-llvm-o0-novol-v1/prog_a/module.ll,dataset/cases/goeq-dce-0127/artifacts/clang-llvm-o0-novol-v1/prog_b/module.ll,,
goeq-dce-0133,dataset/cases/goeq-dce-0133/artifacts/clang-llvm-o0-novol-v1,novol,True,True,True,dataset/cases/goeq-dce-0133/artifacts/clang-llvm-o0-novol-v1/prog_a/normalized.novol.c,dataset/cases/goeq-dce-0133/artifacts/clang-llvm-o0-novol-v1/prog_b/normalized.novol.c,dataset/cases/goeq-dce-0133/artifacts/clang-llvm-o0-novol-v1/prog_a/module.ll,dataset/cases/goeq-dce-0133/artifacts/clang-llvm-o0-novol-v1/prog_b/module.ll,,
goeq-dce-0138,dataset/cases/goeq-dce-0138/artifacts/clang-llvm-o0-novol-v1,novol,True,True,True,dataset/cases/goeq-dce-0138/artifacts/clang-llvm-o0-novol-v1/prog_a/normalized.novol.c,dataset/cases/goeq-dce-0138/artifacts/clang-llvm-o0-novol-v1/prog_b/normalized.novol.c,dataset/cases/goeq-dce-0138/artifacts/clang-llvm-o0-novol-v1/prog_a/module.ll,dataset/cases/goeq-dce-0138/artifacts/clang-llvm-o0-novol-v1/prog_b/module.ll,,
goeq-dce-0139,dataset/cases/goeq-dce-0139/artifacts/clang-llvm-o0-novol-v1,novol,True,True,True,dataset/cases/goeq-dce-0139/artifacts/clang-llvm-o0-novol-v1/prog_a/normalized.novol.c,dataset/cases/goeq-dce-0139/artifacts/clang-llvm-o0-novol-v1/prog_b/normalized.novol.c,dataset/cases/goeq-dce-0139/artifacts/clang-llvm-o0-novol-v1/prog_a/module.ll,dataset/cases/goeq-dce-0139/artifacts/clang-llvm-o0-novol-v1/prog_b/module.ll,,
goeq-dce-0140,dataset/cases/goeq-dce-0140/artifacts/clang-llvm-o0-novol-v1,novol,True,True,True,dataset/cases/goeq-dce-0140/artifacts/clang-llvm-o0-novol-v1/prog_a/normalized.novol.c,dataset/cases/goeq-dce-0140/artifacts/clang-llvm-o0-novol-v1/prog_b/normalized.novol.c,dataset/cases/goeq-dce-0140/artifacts/clang-llvm-o0-novol-v1/prog_a/module.ll,dataset/cases/goeq-dce-0140/artifacts/clang-llvm-o0-novol-v1/prog_b/module.ll,,
goeq-dce-0141,dataset/cases/goeq-dce-0141/artifacts/clang-llvm-o0-novol-v1,novol,True,True,True,dataset/cases/goeq-dce-0141/artifacts/clang-llvm-o0-novol-v1/prog_a/normalized.novol.c,dataset/cases/goeq-dce-0141/artifacts/clang-llvm-o0-novol-v1/prog_b/normalized.novol.c,dataset/cases/goeq-dce-0141/artifacts/clang-llvm-o0-novol-v1/prog_a/module.ll,dataset/cases/goeq-dce-0141/artifacts/clang-llvm-o0-novol-v1/prog_b/module.ll,,
goeq-dce-0142,dataset/cases/goeq-dce-0142/artifacts/clang-llvm-o0-novol-v1,novol,True,True,True,dataset/cases/goeq-dce-0142/artifacts/clang-llvm-o0-novol-v1/prog_a/normalized.novol.c,dataset/cases/goeq-dce-0142/artifacts/clang-llvm-o0-novol-v1/prog_b/normalized.novol.c,dataset/cases/goeq-dce-0142/artifacts/clang-llvm-o0-novol-v1/prog_a/module.ll,dataset/cases/goeq-dce-0142/artifacts/clang-llvm-o0-novol-v1/prog_b/module.ll,,
goeq-dce-0143,dataset/cases/goeq-dce-0143/artifacts/clang-llvm-o0-novol-v1,novol,True,True,True,dataset/cases/goeq-dce-0143/artifacts/clang-llvm-o0-novol-v1/prog_a/normalized.novol.c,dataset/cases/goeq-dce-0143/artifacts/clang-llvm-o0-novol-v1/prog_b/normalized.novol.c,dataset/cases/goeq-dce-0143/artifacts/clang-llvm-o0-novol-v1/prog_a/module.ll,dataset/cases/goeq-dce-0143/artifacts/clang-llvm-o0-novol-v1/prog_b/module.ll,,
goeq-dce-0150,dataset/cases/goeq-dce-0150/artifacts/clang-llvm-o0-novol-v1,novol,True,True,True,dataset/cases/goeq-dce-0150/artifacts/clang-llvm-o0-novol-v1/prog_a/normalized.novol.c,dataset/cases/goeq-dce-0150/artifacts/clang-llvm-o0-novol-v1/prog_b/normalized.novol.c,dataset/cases/goeq-dce-0150/artifacts/clang-llvm-o0-novol-v1/prog_a/module.ll,dataset/cases/goeq-dce-0150/artifacts/clang-llvm-o0-novol-v1/prog_b/module.ll,,
goeq-dce-0151,dataset/cases/goeq-dce-0151/artifacts/clang-llvm-o0-novol-v1,novol,True,True,True,dataset/cases/goeq-dce-0151/artifacts/clang-llvm-o0-novol-v1/prog_a/normalized.novol.c,dataset/cases/goeq-dce-0151/artifacts/clang-llvm-o0-novol-v1/prog_b/normalized.novol.c,dataset/cases/goeq-dce-0151/artifacts/clang-llvm-o0-novol-v1/prog_a/module.ll,dataset/cases/goeq-dce-0151/artifacts/clang-llvm-o0-novol-v1/prog_b/module.ll,,
goeq-dce-0156,dataset/cases/goeq-dce-0156/artifacts/clang-llvm-o0-novol-v1,novol,True,True,True,dataset/cases/goeq-dce-0156/artifacts/clang-llvm-o0-novol-v1/prog_a/normalized.novol.c,dataset/cases/goeq-dce-0156/artifacts/clang-llvm-o0-novol-v1/prog_b/normalized.novol.c,dataset/cases/goeq-dce-0156/artifacts/clang-llvm-o0-novol-v1/prog_a/module.ll,dataset/cases/goeq-dce-0156/artifacts/clang-llvm-o0-novol-v1/prog_b/module.ll,,
goeq-dce-0157,dataset/cases/goeq-dce-0157/artifacts/clang-llvm-o0-novol-v1,novol,True,True,True,dataset/cases/goeq-dce-0157/artifacts/clang-llvm-o0-novol-v1/prog_a/normalized.novol.c,dataset/cases/goeq-dce-0157/artifacts/clang-llvm-o0-novol-v1/prog_b/normalized.novol.c,dataset/cases/goeq-dce-0157/artifacts/clang-llvm-o0-novol-v1/prog_a/module.ll,dataset/cases/goeq-dce-0157/artifacts/clang-llvm-o0-novol-v1/prog_b/module.ll,,
goeq-dce-0160,dataset/cases/goeq-dce-0160/artifacts/clang-llvm-o0-novol-v1,novol,True,True,True,dataset/cases/goeq-dce-0160/artifacts/clang-llvm-o0-novol-v1/prog_a/normalized.novol.c,dataset/cases/goeq-dce-0160/artifacts/clang-llvm-o0-novol-v1/prog_b/normalized.novol.c,dataset/cases/goeq-dce-0160/artifacts/clang-llvm-o0-novol-v1/prog_a/module.ll,dataset/cases/goeq-dce-0160/artifacts/clang-llvm-o0-novol-v1/prog_b/module.ll,,
goeq-dce-0161,dataset/cases/goeq-dce-0161/artifacts/clang-llvm-o0-novol-v1,novol,True,True,True,dataset/cases/goeq-dce-0161/artifacts/clang-llvm-o0-novol-v1/prog_a/normalized.novol.c,dataset/cases/goeq-dce-0161/artifacts/clang-llvm-o0-novol-v1/prog_b/normalized.novol.c,dataset/cases/goeq-dce-0161/artifacts/clang-llvm-o0-novol-v1/prog_a/module.ll,dataset/cases/goeq-dce-0161/artifacts/clang-llvm-o0-novol-v1/prog_b/module.ll,,
goeq-dce-0162,dataset/cases/goeq-dce-0162/artifacts/clang-llvm-o0-novol-v1,novol,True,True,True,dataset/cases/goeq-dce-0162/artifacts/clang-llvm-o0-novol-v1/prog_a/normalized.novol.c,dataset/cases/goeq-dce-0162/artifacts/clang-llvm-o0-novol-v1/prog_b/normalized.novol.c,dataset/cases/goeq-dce-0162/artifacts/clang-llvm-o0-novol-v1/prog_a/module.ll,dataset/cases/goeq-dce-0162/artifacts/clang-llvm-o0-novol-v1/prog_b/module.ll,,
goeq-dce-0163,dataset/cases/goeq-dce-0163/artifacts/clang-llvm-o0-novol-v1,novol,True,True,True,dataset/cases/goeq-dce-0163/artifacts/clang-llvm-o0-novol-v1/prog_a/normalized.novol.c,dataset/cases/goeq-dce-0163/artifacts/clang-llvm-o0-novol-v1/prog_b/normalized.novol.c,dataset/cases/goeq-dce-0163/artifacts/clang-llvm-o0-novol-v1/prog_a/module.ll,dataset/cases/goeq-dce-0163/artifacts/clang-llvm-o0-novol-v1/prog_b/module.ll,,
goeq-dce-0164,dataset/cases/goeq-dce-0164/artifacts/clang-llvm-o0-novol-v1,novol,True,True,True,dataset/cases/goeq-dce-0164/artifacts/clang-llvm-o0-novol-v1/prog_a/normalized.novol.c,dataset/cases/goeq-dce-0164/artifacts/clang-llvm-o0-novol-v1/prog_b/normalized.novol.c,dataset/cases/goeq-dce-0164/artifacts/clang-llvm-o0-novol-v1/prog_a/module.ll,dataset/cases/goeq-dce-0164/artifacts/clang-llvm-o0-novol-v1/prog_b/module.ll,,
goeq-dce-0165,dataset/cases/goeq-dce-0165/artifacts/clang-llvm-o0-novol-v1,novol,True,True,True,dataset/cases/goeq-dce-0165/artifacts/clang-llvm-o0-novol-v1/prog_a/normalized.novol.c,dataset/cases/goeq-dce-0165/artifacts/clang-llvm-o0-novol-v1/prog_b/normalized.novol.c,dataset/cases/goeq-dce-0165/artifacts/clang-llvm-o0-novol-v1/prog_a/module.ll,dataset/cases/goeq-dce-0165/artifacts/clang-llvm-o0-novol-v1/prog_b/module.ll,,
goeq-dce-0176,dataset/cases/goeq-dce-0176/artifacts/clang-llvm-o0-novol-v1,novol,True,True,True,dataset/cases/goeq-dce-0176/artifacts/clang-llvm-o0-novol-v1/prog_a/normalized.novol.c,dataset/cases/goeq-dce-0176/artifacts/clang-llvm-o0-novol-v1/prog_b/normalized.novol.c,dataset/cases/goeq-dce-0176/artifacts/clang-llvm-o0-novol-v1/prog_a/module.ll,dataset/cases/goeq-dce-0176/artifacts/clang-llvm-o0-novol-v1/prog_b/module.ll,,
goeq-dce-0177,dataset/cases/goeq-dce-0177/artifacts/clang-llvm-o0-novol-v1,novol,True,True,True,dataset/cases/goeq-dce-0177/artifacts/clang-llvm-o0-novol-v1/prog_a/normalized.novol.c,dataset/cases/goeq-dce-0177/artifacts/clang-llvm-o0-novol-v1/prog_b/normalized.novol.c,dataset/cases/goeq-dce-0177/artifacts/clang-llvm-o0-novol-v1/prog_a/module.ll,dataset/cases/goeq-dce-0177/artifacts/clang-llvm-o0-novol-v1/prog_b/module.ll,,
goeq-dce-0180,dataset/cases/goeq-dce-0180/artifacts/clang-llvm-o0-novol-v1,novol,True,True,True,dataset/cases/goeq-dce-0180/artifacts/clang-llvm-o0-novol-v1/prog_a/normalized.novol.c,dataset/cases/goeq-dce-0180/artifacts/clang-llvm-o0-novol-v1/prog_b/normalized.novol.c,dataset/cases/goeq-dce-0180/artifacts/clang-llvm-o0-novol-v1/prog_a/module.ll,dataset/cases/goeq-dce-0180/artifacts/clang-llvm-o0-novol-v1/prog_b/module.ll,,
goeq-dce-0181,dataset/cases/goeq-dce-0181/artifacts/clang-llvm-o0-novol-v1,novol,True,True,True,dataset/cases/goeq-dce-0181/artifacts/clang-llvm-o0-novol-v1/prog_a/normalized.novol.c,dataset/cases/goeq-dce-0181/artifacts/clang-llvm-o0-novol-v1/prog_b/normalized.novol.c,dataset/cases/goeq-dce-0181/artifacts/clang-llvm-o0-novol-v1/prog_a/module.ll,dataset/cases/goeq-dce-0181/artifacts/clang-llvm-o0-novol-v1/prog_b/module.ll,,
goeq-dce-0184,dataset/cases/goeq-dce-0184/artifacts/clang-llvm-o0-novol-v1,novol,True,True,True,dataset/cases/goeq-dce-0184/artifacts/clang-llvm-o0-novol-v1/prog_a/normalized.novol.c,dataset/cases/goeq-dce-0184/artifacts/clang-llvm-o0-novol-v1/prog_b/normalized.novol.c,dataset/cases/goeq-dce-0184/artifacts/clang-llvm-o0-novol-v1/prog_a/module.ll,dataset/cases/goeq-dce-0184/artifacts/clang-llvm-o0-novol-v1/prog_b/module.ll,,
goeq-dce-0185,dataset/cases/goeq-dce-0185/artifacts/clang-llvm-o0-novol-v1,novol,True,True,True,dataset/cases/goeq-dce-0185/artifacts/clang-llvm-o0-novol-v1/prog_a/normalized.novol.c,dataset/cases/goeq-dce-0185/artifacts/clang-llvm-o0-novol-v1/prog_b/normalized.novol.c,dataset/cases/goeq-dce-0185/artifacts/clang-llvm-o0-novol-v1/prog_a/module.ll,dataset/cases/goeq-dce-0185/artifacts/clang-llvm-o0-novol-v1/prog_b/module.ll,,
goeq-dce-0186,dataset/cases/goeq-dce-0186/artifacts/clang-llvm-o0-novol-v1,novol,True,True,True,dataset/cases/goeq-dce-0186/artifacts/clang-llvm-o0-novol-v1/prog_a/normalized.novol.c,dataset/cases/goeq-dce-0186/artifacts/clang-llvm-o0-novol-v1/prog_b/normalized.novol.c,dataset/cases/goeq-dce-0186/artifacts/clang-llvm-o0-novol-v1/prog_a/module.ll,dataset/cases/goeq-dce-0186/artifacts/clang-llvm-o0-novol-v1/prog_b/module.ll,,
goeq-dce-0187,dataset/cases/goeq-dce-0187/artifacts/clang-llvm-o0-novol-v1,novol,True,True,True,dataset/cases/goeq-dce-0187/artifacts/clang-llvm-o0-novol-v1/prog_a/normalized.novol.c,dataset/cases/goeq-dce-0187/artifacts/clang-llvm-o0-novol-v1/prog_b/normalized.novol.c,dataset/cases/goeq-dce-0187/artifacts/clang-llvm-o0-novol-v1/prog_a/module.ll,dataset/cases/goeq-dce-0187/artifacts/clang-llvm-o0-novol-v1/prog_b/module.ll,,
goeq-dce-0188,dataset/cases/goeq-dce-0188/artifacts/clang-llvm-o0-novol-v1,novol,True,True,True,dataset/cases/goeq-dce-0188/artifacts/clang-llvm-o0-novol-v1/prog_a/normalized.novol.c,dataset/cases/goeq-dce-0188/artifacts/clang-llvm-o0-novol-v1/prog_b/normalized.novol.c,dataset/cases/goeq-dce-0188/artifacts/clang-llvm-o0-novol-v1/prog_a/module.ll,dataset/cases/goeq-dce-0188/artifacts/clang-llvm-o0-novol-v1/prog_b/module.ll,,
goeq-dce-0189,dataset/cases/goeq-dce-0189/artifacts/clang-llvm-o0-novol-v1,novol,True,True,True,dataset/cases/goeq-dce-0189/artifacts/clang-llvm-o0-novol-v1/prog_a/normalized.novol.c,dataset/cases/goeq-dce-0189/artifacts/clang-llvm-o0-novol-v1/prog_b/normalized.novol.c,dataset/cases/goeq-dce-0189/artifacts/clang-llvm-o0-novol-v1/prog_a/module.ll,dataset/cases/goeq-dce-0189/artifacts/clang-llvm-o0-novol-v1/prog_b/module.ll,,
goeq-dce-0192,dataset/cases/goeq-dce-0192/artifacts/clang-llvm-o0-novol-v1,novol,True,True,True,dataset/cases/goeq-dce-0192/artifacts/clang-llvm-o0-novol-v1/prog_a/normalized.novol.c,dataset/cases/goeq-dce-0192/artifacts/clang-llvm-o0-novol-v1/prog_b/normalized.novol.c,dataset/cases/goeq-dce-0192/artifacts/clang-llvm-o0-novol-v1/prog_a/module.ll,dataset/cases/goeq-dce-0192/artifacts/clang-llvm-o0-novol-v1/prog_b/module.ll,,
goeq-dce-0193,dataset/cases/goeq-dce-0193/artifacts/clang-llvm-o0-novol-v1,novol,True,True,True,dataset/cases/goeq-dce-0193/artifacts/clang-llvm-o0-novol-v1/prog_a/normalized.novol.c,dataset/cases/goeq-dce-0193/artifacts/clang-llvm-o0-novol-v1/prog_b/normalized.novol.c,dataset/cases/goeq-dce-0193/artifacts/clang-llvm-o0-novol-v1/prog_a/module.ll,dataset/cases/goeq-dce-0193/artifacts/clang-llvm-o0-novol-v1/prog_b/module.ll,,
goeq-dce-0194,dataset/cases/goeq-dce-0194/artifacts/clang-llvm-o0-novol-v1,novol,True,True,True,dataset/cases/goeq-dce-0194/artifacts/clang-llvm-o0-novol-v1/prog_a/normalized.novol.c,dataset/cases/goeq-dce-0194/artifacts/clang-llvm-o0-novol-v1/prog_b/normalized.novol.c,dataset/cases/goeq-dce-0194/artifacts/clang-llvm-o0-novol-v1/prog_a/module.ll,dataset/cases/goeq-dce-0194/artifacts/clang-llvm-o0-novol-v1/prog_b/module.ll,,
goeq-dce-0195,dataset/cases/goeq-dce-0195/artifacts/clang-llvm-o0-novol-v1,novol,True,True,True,dataset/cases/goeq-dce-0195/artifacts/clang-llvm-o0-novol-v1/prog_a/normalized.novol.c,dataset/cases/goeq-dce-0195/artifacts/clang-llvm-o0-novol-v1/prog_b/normalized.novol.c,dataset/cases/goeq-dce-0195/artifacts/clang-llvm-o0-novol-v1/prog_a/module.ll,dataset/cases/goeq-dce-0195/artifacts/clang-llvm-o0-novol-v1/prog_b/module.ll,,
goeq-dce-0198,dataset/cases/goeq-dce-0198/artifacts/clang-llvm-o0-novol-v1,novol,True,True,True,dataset/cases/goeq-dce-0198/artifacts/clang-llvm-o0-novol-v1/prog_a/normalized.novol.c,dataset/cases/goeq-dce-0198/artifacts/clang-llvm-o0-novol-v1/prog_b/normalized.novol.c,dataset/cases/goeq-dce-0198/artifacts/clang-llvm-o0-novol-v1/prog_a/module.ll,dataset/cases/goeq-dce-0198/artifacts/clang-llvm-o0-novol-v1/prog_b/module.ll,,
goeq-dce-0199,dataset/cases/goeq-dce-0199/artifacts/clang-llvm-o0-novol-v1,novol,True,True,True,dataset/cases/goeq-dce-0199/artifacts/clang-llvm-o0-novol-v1/prog_a/normalized.novol.c,dataset/cases/goeq-dce-0199/artifacts/clang-llvm-o0-novol-v1/prog_b/normalized.novol.c,dataset/cases/goeq-dce-0199/artifacts/clang-llvm-o0-novol-v1/prog_a/module.ll,dataset/cases/goeq-dce-0199/artifacts/clang-llvm-o0-novol-v1/prog_b/module.ll,,
goeq-dce-0204,dataset/cases/goeq-dce-0204/artifacts/clang-llvm-o0-novol-v1,novol,True,True,True,dataset/cases/goeq-dce-0204/artifacts/clang-llvm-o0-novol-v1/prog_a/normalized.novol.c,dataset/cases/goeq-dce-0204/artifacts/clang-llvm-o0-novol-v1/prog_b/normalized.novol.c,dataset/cases/goeq-dce-0204/artifacts/clang-llvm-o0-novol-v1/prog_a/module.ll,dataset/cases/goeq-dce-0204/artifacts/clang-llvm-o0-novol-v1/prog_b/module.ll,,
goeq-dce-0212,dataset/cases/goeq-dce-0212/artifacts/clang-llvm-o0-novol-v1,novol,True,True,True,dataset/cases/goeq-dce-0212/artifacts/clang-llvm-o0-novol-v1/prog_a/normalized.novol.c,dataset/cases/goeq-dce-0212/artifacts/clang-llvm-o0-novol-v1/prog_b/normalized.novol.c,dataset/cases/goeq-dce-0212/artifacts/clang-llvm-o0-novol-v1/prog_a/module.ll,dataset/cases/goeq-dce-0212/artifacts/clang-llvm-o0-novol-v1/prog_b/module.ll,,
goeq-dce-0213,dataset/cases/goeq-dce-0213/artifacts/clang-llvm-o0-novol-v1,novol,True,True,True,dataset/cases/goeq-dce-0213/artifacts/clang-llvm-o0-novol-v1/prog_a/normalized.novol.c,dataset/cases/goeq-dce-0213/artifacts/clang-llvm-o0-novol-v1/prog_b/normalized.novol.c,dataset/cases/goeq-dce-0213/artifacts/clang-llvm-o0-novol-v1/prog_a/module.ll,dataset/cases/goeq-dce-0213/artifacts/clang-llvm-o0-novol-v1/prog_b/module.ll,,
goeq-dce-0222,dataset/cases/goeq-dce-0222/artifacts/clang-llvm-o0-novol-v1,novol,True,True,True,dataset/cases/goeq-dce-0222/artifacts/clang-llvm-o0-novol-v1/prog_a/normalized.novol.c,dataset/cases/goeq-dce-0222/artifacts/clang-llvm-o0-novol-v1/prog_b/normalized.novol.c,dataset/cases/goeq-dce-0222/artifacts/clang-llvm-o0-novol-v1/prog_a/module.ll,dataset/cases/goeq-dce-0222/artifacts/clang-llvm-o0-novol-v1/prog_b/module.ll,,
goeq-dce-0223,dataset/cases/goeq-dce-0223/artifacts/clang-llvm-o0-novol-v1,novol,True,True,True,dataset/cases/goeq-dce-0223/artifacts/clang-llvm-o0-novol-v1/prog_a/normalized.novol.c,dataset/cases/goeq-dce-0223/artifacts/clang-llvm-o0-novol-v1/prog_b/normalized.novol.c,dataset/cases/goeq-dce-0223/artifacts/clang-llvm-o0-novol-v1/prog_a/module.ll,dataset/cases/goeq-dce-0223/artifacts/clang-llvm-o0-novol-v1/prog_b/module.ll,,
goeq-dce-0226,dataset/cases/goeq-dce-0226/artifacts/clang-llvm-o0-novol-v1,novol,True,True,True,dataset/cases/goeq-dce-0226/artifacts/clang-llvm-o0-novol-v1/prog_a/normalized.novol.c,dataset/cases/goeq-dce-0226/artifacts/clang-llvm-o0-novol-v1/prog_b/normalized.novol.c,dataset/cases/goeq-dce-0226/artifacts/clang-llvm-o0-novol-v1/prog_a/module.ll,dataset/cases/goeq-dce-0226/artifacts/clang-llvm-o0-novol-v1/prog_b/module.ll,,
goeq-dce-0227,dataset/cases/goeq-dce-0227/artifacts/clang-llvm-o0-novol-v1,novol,True,True,True,dataset/cases/goeq-dce-0227/artifacts/clang-llvm-o0-novol-v1/prog_a/normalized.novol.c,dataset/cases/goeq-dce-0227/artifacts/clang-llvm-o0-novol-v1/prog_b/normalized.novol.c,dataset/cases/goeq-dce-0227/artifacts/clang-llvm-o0-novol-v1/prog_a/module.ll,dataset/cases/goeq-dce-0227/artifacts/clang-llvm-o0-novol-v1/prog_b/module.ll,,
goeq-dce-0228,dataset/cases/goeq-dce-0228/artifacts/clang-llvm-o0-novol-v1,novol,True,True,True,dataset/cases/goeq-dce-0228/artifacts/clang-llvm-o0-novol-v1/prog_a/normalized.novol.c,dataset/cases/goeq-dce-0228/artifacts/clang-llvm-o0-novol-v1/prog_b/normalized.novol.c,dataset/cases/goeq-dce-0228/artifacts/clang-llvm-o0-novol-v1/prog_a/module.ll,dataset/cases/goeq-dce-0228/artifacts/clang-llvm-o0-novol-v1/prog_b/module.ll,,
goeq-dce-0229,dataset/cases/goeq-dce-0229/artifacts/clang-llvm-o0-novol-v1,novol,True,True,True,dataset/cases/goeq-dce-0229/artifacts/clang-llvm-o0-novol-v1/prog_a/normalized.novol.c,dataset/cases/goeq-dce-0229/artifacts/clang-llvm-o0-novol-v1/prog_b/normalized.novol.c,dataset/cases/goeq-dce-0229/artifacts/clang-llvm-o0-novol-v1/prog_a/module.ll,dataset/cases/goeq-dce-0229/artifacts/clang-llvm-o0-novol-v1/prog_b/module.ll,,
goeq-dce-0232,dataset/cases/goeq-dce-0232/artifacts/clang-llvm-o0-novol-v1,novol,True,True,True,dataset/cases/goeq-dce-0232/artifacts/clang-llvm-o0-novol-v1/prog_a/normalized.novol.c,dataset/cases/goeq-dce-0232/artifacts/clang-llvm-o0-novol-v1/prog_b/normalized.novol.c,dataset/cases/goeq-dce-0232/artifacts/clang-llvm-o0-novol-v1/prog_a/module.ll,dataset/cases/goeq-dce-0232/artifacts/clang-llvm-o0-novol-v1/prog_b/module.ll,,
goeq-dce-0233,dataset/cases/goeq-dce-0233/artifacts/clang-llvm-o0-novol-v1,novol,True,True,True,dataset/cases/goeq-dce-0233/artifacts/clang-llvm-o0-novol-v1/prog_a/normalized.novol.c,dataset/cases/goeq-dce-0233/artifacts/clang-llvm-o0-novol-v1/prog_b/normalized.novol.c,dataset/cases/goeq-dce-0233/artifacts/clang-llvm-o0-novol-v1/prog_a/module.ll,dataset/cases/goeq-dce-0233/artifacts/clang-llvm-o0-novol-v1/prog_b/module.ll,,
goeq-dce-0234,dataset/cases/goeq-dce-0234/artifacts/clang-llvm-o0-novol-v1,novol,True,True,True,dataset/cases/goeq-dce-0234/artifacts/clang-llvm-o0-novol-v1/prog_a/normalized.novol.c,dataset/cases/goeq-dce-0234/artifacts/clang-llvm-o0-novol-v1/prog_b/normalized.novol.c,dataset/cases/goeq-dce-0234/artifacts/clang-llvm-o0-novol-v1/prog_a/module.ll,dataset/cases/goeq-dce-0234/artifacts/clang-llvm-o0-novol-v1/prog_b/module.ll,,
goeq-dce-0235,dataset/cases/goeq-dce-0235/artifacts/clang-llvm-o0-novol-v1,novol,True,True,True,dataset/cases/goeq-dce-0235/artifacts/clang-llvm-o0-novol-v1/prog_a/normalized.novol.c,dataset/cases/goeq-dce-0235/artifacts/clang-llvm-o0-novol-v1/prog_b/normalized.novol.c,dataset/cases/goeq-dce-0235/artifacts/clang-llvm-o0-novol-v1/prog_a/module.ll,dataset/cases/goeq-dce-0235/artifacts/clang-llvm-o0-novol-v1/prog_b/module.ll,,
goeq-dce-0244,dataset/cases/goeq-dce-0244/artifacts/clang-llvm-o0-novol-v1,novol,True,True,True,dataset/cases/goeq-dce-0244/artifacts/clang-llvm-o0-novol-v1/prog_a/normalized.novol.c,dataset/cases/goeq-dce-0244/artifacts/clang-llvm-o0-novol-v1/prog_b/normalized.novol.c,dataset/cases/goeq-dce-0244/artifacts/clang-llvm-o0-novol-v1/prog_a/module.ll,dataset/cases/goeq-dce-0244/artifacts/clang-llvm-o0-novol-v1/prog_b/module.ll,,
goeq-dce-0245,dataset/cases/goeq-dce-0245/artifacts/clang-llvm-o0-novol-v1,novol,True,True,True,dataset/cases/goeq-dce-0245/artifacts/clang-llvm-o0-novol-v1/prog_a/normalized.novol.c,dataset/cases/goeq-dce-0245/artifacts/clang-llvm-o0-novol-v1/prog_b/normalized.novol.c,dataset/cases/goeq-dce-0245/artifacts/clang-llvm-o0-novol-v1/prog_a/module.ll,dataset/cases/goeq-dce-0245/artifacts/clang-llvm-o0-novol-v1/prog_b/module.ll,,
goeq-dce-0252,dataset/cases/goeq-dce-0252/artifacts/clang-llvm-o0-novol-v1,novol,True,True,True,dataset/cases/goeq-dce-0252/artifacts/clang-llvm-o0-novol-v1/prog_a/normalized.novol.c,dataset/cases/goeq-dce-0252/artifacts/clang-llvm-o0-novol-v1/prog_b/normalized.novol.c,dataset/cases/goeq-dce-0252/artifacts/clang-llvm-o0-novol-v1/prog_a/module.ll,dataset/cases/goeq-dce-0252/artifacts/clang-llvm-o0-novol-v1/prog_b/module.ll,,
goeq-dce-0253,dataset/cases/goeq-dce-0253/artifacts/clang-llvm-o0-novol-v1,novol,True,True,True,dataset/cases/goeq-dce-0253/artifacts/clang-llvm-o0-novol-v1/prog_a/normalized.novol.c,dataset/cases/goeq-dce-0253/artifacts/clang-llvm-o0-novol-v1/prog_b/normalized.novol.c,dataset/cases/goeq-dce-0253/artifacts/clang-llvm-o0-novol-v1/prog_a/module.ll,dataset/cases/goeq-dce-0253/artifacts/clang-llvm-o0-novol-v1/prog_b/module.ll,,
goeq-dce-0254,dataset/cases/goeq-dce-0254/artifacts/clang-llvm-o0-novol-v1,novol,True,True,True,dataset/cases/goeq-dce-0254/artifacts/clang-llvm-o0-novol-v1/prog_a/normalized.novol.c,dataset/cases/goeq-dce-0254/artifacts/clang-llvm-o0-novol-v1/prog_b/normalized.novol.c,dataset/cases/goeq-dce-0254/artifacts/clang-llvm-o0-novol-v1/prog_a/module.ll,dataset/cases/goeq-dce-0254/artifacts/clang-llvm-o0-novol-v1/prog_b/module.ll,,
goeq-dce-0255,dataset/cases/goeq-dce-0255/artifacts/clang-llvm-o0-novol-v1,novol,True,True,True,dataset/cases/goeq-dce-0255/artifacts/clang-llvm-o0-novol-v1/prog_a/normalized.novol.c,dataset/cases/goeq-dce-0255/artifacts/clang-llvm-o0-novol-v1/prog_b/normalized.novol.c,dataset/cases/goeq-dce-0255/artifacts/clang-llvm-o0-novol-v1/prog_a/module.ll,dataset/cases/goeq-dce-0255/artifacts/clang-llvm-o0-novol-v1/prog_b/module.ll,,
goeq-dce-0256,dataset/cases/goeq-dce-0256/artifacts/clang-llvm-o0-novol-v1,novol,True,True,True,dataset/cases/goeq-dce-0256/artifacts/clang-llvm-o0-novol-v1/prog_a/normalized.novol.c,dataset/cases/goeq-dce-0256/artifacts/clang-llvm-o0-novol-v1/prog_b/normalized.novol.c,dataset/cases/goeq-dce-0256/artifacts/clang-llvm-o0-novol-v1/prog_a/module.ll,dataset/cases/goeq-dce-0256/artifacts/clang-llvm-o0-novol-v1/prog_b/module.ll,,
goeq-dce-0257,dataset/cases/goeq-dce-0257/artifacts/clang-llvm-o0-novol-v1,novol,True,True,True,dataset/cases/goeq-dce-0257/artifacts/clang-llvm-o0-novol-v1/prog_a/normalized.novol.c,dataset/cases/goeq-dce-0257/artifacts/clang-llvm-o0-novol-v1/prog_b/normalized.novol.c,dataset/cases/goeq-dce-0257/artifacts/clang-llvm-o0-novol-v1/prog_a/module.ll,dataset/cases/goeq-dce-0257/artifacts/clang-llvm-o0-novol-v1/prog_b/module.ll,,
goeq-dce-0258,dataset/cases/goeq-dce-0258/artifacts/clang-llvm-o0-novol-v1,novol,True,True,True,dataset/cases/goeq-dce-0258/artifacts/clang-llvm-o0-novol-v1/prog_a/normalized.novol.c,dataset/cases/goeq-dce-0258/artifacts/clang-llvm-o0-novol-v1/prog_b/normalized.novol.c,dataset/cases/goeq-dce-0258/artifacts/clang-llvm-o0-novol-v1/prog_a/module.ll,dataset/cases/goeq-dce-0258/artifacts/clang-llvm-o0-novol-v1/prog_b/module.ll,,
goeq-dce-0259,dataset/cases/goeq-dce-0259/artifacts/clang-llvm-o0-novol-v1,novol,True,True,True,dataset/cases/goeq-dce-0259/artifacts/clang-llvm-o0-novol-v1/prog_a/normalized.novol.c,dataset/cases/goeq-dce-0259/artifacts/clang-llvm-o0-novol-v1/prog_b/normalized.novol.c,dataset/cases/goeq-dce-0259/artifacts/clang-llvm-o0-novol-v1/prog_a/module.ll,dataset/cases/goeq-dce-0259/artifacts/clang-llvm-o0-novol-v1/prog_b/module.ll,,
goeq-dce-0266,dataset/cases/goeq-dce-0266/artifacts/clang-llvm-o0-novol-v1,novol,True,True,True,dataset/cases/goeq-dce-0266/artifacts/clang-llvm-o0-novol-v1/prog_a/normalized.novol.c,dataset/cases/goeq-dce-0266/artifacts/clang-llvm-o0-novol-v1/prog_b/normalized.novol.c,dataset/cases/goeq-dce-0266/artifacts/clang-llvm-o0-novol-v1/prog_a/module.ll,dataset/cases/goeq-dce-0266/artifacts/clang-llvm-o0-novol-v1/prog_b/module.ll,,
goeq-dce-0267,dataset/cases/goeq-dce-0267/artifacts/clang-llvm-o0-novol-v1,novol,True,True,True,dataset/cases/goeq-dce-0267/artifacts/clang-llvm-o0-novol-v1/prog_a/normalized.novol.c,dataset/cases/goeq-dce-0267/artifacts/clang-llvm-o0-novol-v1/prog_b/normalized.novol.c,dataset/cases/goeq-dce-0267/artifacts/clang-llvm-o0-novol-v1/prog_a/module.ll,dataset/cases/goeq-dce-0267/artifacts/clang-llvm-o0-novol-v1/prog_b/module.ll,,
goeq-dce-0268,dataset/cases/goeq-dce-0268/artifacts/clang-llvm-o0-novol-v1,novol,True,True,True,dataset/cases/goeq-dce-0268/artifacts/clang-llvm-o0-novol-v1/prog_a/normalized.novol.c,dataset/cases/goeq-dce-0268/artifacts/clang-llvm-o0-novol-v1/prog_b/normalized.novol.c,dataset/cases/goeq-dce-0268/artifacts/clang-llvm-o0-novol-v1/prog_a/module.ll,dataset/cases/goeq-dce-0268/artifacts/clang-llvm-o0-novol-v1/prog_b/module.ll,,
goeq-dce-0269,dataset/cases/goeq-dce-0269/artifacts/clang-llvm-o0-novol-v1,novol,True,True,True,dataset/cases/goeq-dce-0269/artifacts/clang-llvm-o0-novol-v1/prog_a/normalized.novol.c,dataset/cases/goeq-dce-0269/artifacts/clang-llvm-o0-novol-v1/prog_b/normalized.novol.c,dataset/cases/goeq-dce-0269/artifacts/clang-llvm-o0-novol-v1/prog_a/module.ll,dataset/cases/goeq-dce-0269/artifacts/clang-llvm-o0-novol-v1/prog_b/module.ll,,
goeq-dce-0274,dataset/cases/goeq-dce-0274/artifacts/clang-llvm-o0-novol-v1,novol,True,True,True,dataset/cases/goeq-dce-0274/artifacts/clang-llvm-o0-novol-v1/prog_a/normalized.novol.c,dataset/cases/goeq-dce-0274/artifacts/clang-llvm-o0-novol-v1/prog_b/normalized.novol.c,dataset/cases/goeq-dce-0274/artifacts/clang-llvm-o0-novol-v1/prog_a/module.ll,dataset/cases/goeq-dce-0274/artifacts/clang-llvm-o0-novol-v1/prog_b/module.ll,,
goeq-dce-0275,dataset/cases/goeq-dce-0275/artifacts/clang-llvm-o0-novol-v1,novol,True,True,True,dataset/cases/goeq-dce-0275/artifacts/clang-llvm-o0-novol-v1/prog_a/normalized.novol.c,dataset/cases/goeq-dce-0275/artifacts/clang-llvm-o0-novol-v1/prog_b/normalized.novol.c,dataset/cases/goeq-dce-0275/artifacts/clang-llvm-o0-novol-v1/prog_a/module.ll,dataset/cases/goeq-dce-0275/artifacts/clang-llvm-o0-novol-v1/prog_b/module.ll,,
goeq-dce-0300,dataset/cases/goeq-dce-0300/artifacts/clang-llvm-o0-novol-v1,novol,True,True,True,dataset/cases/goeq-dce-0300/artifacts/clang-llvm-o0-novol-v1/prog_a/normalized.novol.c,dataset/cases/goeq-dce-0300/artifacts/clang-llvm-o0-novol-v1/prog_b/normalized.novol.c,dataset/cases/goeq-dce-0300/artifacts/clang-llvm-o0-novol-v1/prog_a/module.ll,dataset/cases/goeq-dce-0300/artifacts/clang-llvm-o0-novol-v1/prog_b/module.ll,,
goeq-dce-0301,dataset/cases/goeq-dce-0301/artifacts/clang-llvm-o0-novol-v1,novol,True,True,True,dataset/cases/goeq-dce-0301/artifacts/clang-llvm-o0-novol-v1/prog_a/normalized.novol.c,dataset/cases/goeq-dce-0301/artifacts/clang-llvm-o0-novol-v1/prog_b/normalized.novol.c,dataset/cases/goeq-dce-0301/artifacts/clang-llvm-o0-novol-v1/prog_a/module.ll,dataset/cases/goeq-dce-0301/artifacts/clang-llvm-o0-novol-v1/prog_b/module.ll,,
goeq-dce-0302,dataset/cases/goeq-dce-0302/artifacts/clang-llvm-o0-novol-v1,novol,True,True,True,dataset/cases/goeq-dce-0302/artifacts/clang-llvm-o0-novol-v1/prog_a/normalized.novol.c,dataset/cases/goeq-dce-0302/artifacts/clang-llvm-o0-novol-v1/prog_b/normalized.novol.c,dataset/cases/goeq-dce-0302/artifacts/clang-llvm-o0-novol-v1/prog_a/module.ll,dataset/cases/goeq-dce-0302/artifacts/clang-llvm-o0-novol-v1/prog_b/module.ll,,
goeq-dce-0303,dataset/cases/goeq-dce-0303/artifacts/clang-llvm-o0-novol-v1,novol,True,True,True,dataset/cases/goeq-dce-0303/artifacts/clang-llvm-o0-novol-v1/prog_a/normalized.novol.c,dataset/cases/goeq-dce-0303/artifacts/clang-llvm-o0-novol-v1/prog_b/normalized.novol.c,dataset/cases/goeq-dce-0303/artifacts/clang-llvm-o0-novol-v1/prog_a/module.ll,dataset/cases/goeq-dce-0303/artifacts/clang-llvm-o0-novol-v1/prog_b/module.ll,,
goeq-dce-0304,dataset/cases/goeq-dce-0304/artifacts/clang-llvm-o0-novol-v1,novol,True,True,True,dataset/cases/goeq-dce-0304/artifacts/clang-llvm-o0-novol-v1/prog_a/normalized.novol.c,dataset/cases/goeq-dce-0304/artifacts/clang-llvm-o0-novol-v1/prog_b/normalized.novol.c,dataset/cases/goeq-dce-0304/artifacts/clang-llvm-o0-novol-v1/prog_a/module.ll,dataset/cases/goeq-dce-0304/artifacts/clang-llvm-o0-novol-v1/prog_b/module.ll,,
goeq-dce-0305,dataset/cases/goeq-dce-0305/artifacts/clang-llvm-o0-novol-v1,novol,True,True,True,dataset/cases/goeq-dce-0305/artifacts/clang-llvm-o0-novol-v1/prog_a/normalized.novol.c,dataset/cases/goeq-dce-0305/artifacts/clang-llvm-o0-novol-v1/prog_b/normalized.novol.c,dataset/cases/goeq-dce-0305/artifacts/clang-llvm-o0-novol-v1/prog_a/module.ll,dataset/cases/goeq-dce-0305/artifacts/clang-llvm-o0-novol-v1/prog_b/module.ll,,
goeq-dce-0308,dataset/cases/goeq-dce-0308/artifacts/clang-llvm-o0-novol-v1,novol,True,True,True,dataset/cases/goeq-dce-0308/artifacts/clang-llvm-o0-novol-v1/prog_a/normalized.novol.c,dataset/cases/goeq-dce-0308/artifacts/clang-llvm-o0-novol-v1/prog_b/normalized.novol.c,dataset/cases/goeq-dce-0308/artifacts/clang-llvm-o0-novol-v1/prog_a/module.ll,dataset/cases/goeq-dce-0308/artifacts/clang-llvm-o0-novol-v1/prog_b/module.ll,,
goeq-dce-0309,dataset/cases/goeq-dce-0309/artifacts/clang-llvm-o0-novol-v1,novol,True,True,True,dataset/cases/goeq-dce-0309/artifacts/clang-llvm-o0-novol-v1/prog_a/normalized.novol.c,dataset/cases/goeq-dce-0309/artifacts/clang-llvm-o0-novol-v1/prog_b/normalized.novol.c,dataset/cases/goeq-dce-0309/artifacts/clang-llvm-o0-novol-v1/prog_a/module.ll,dataset/cases/goeq-dce-0309/artifacts/clang-llvm-o0-novol-v1/prog_b/module.ll,,
goeq-dce-0322,dataset/cases/goeq-dce-0322/artifacts/clang-llvm-o0-novol-v1,novol,True,True,True,dataset/cases/goeq-dce-0322/artifacts/clang-llvm-o0-novol-v1/prog_a/normalized.novol.c,dataset/cases/goeq-dce-0322/artifacts/clang-llvm-o0-novol-v1/prog_b/normalized.novol.c,dataset/cases/goeq-dce-0322/artifacts/clang-llvm-o0-novol-v1/prog_a/module.ll,dataset/cases/goeq-dce-0322/artifacts/clang-llvm-o0-novol-v1/prog_b/module.ll,,
goeq-dce-0323,dataset/cases/goeq-dce-0323/artifacts/clang-llvm-o0-novol-v1,novol,True,True,True,dataset/cases/goeq-dce-0323/artifacts/clang-llvm-o0-novol-v1/prog_a/normalized.novol.c,dataset/cases/goeq-dce-0323/artifacts/clang-llvm-o0-novol-v1/prog_b/normalized.novol.c,dataset/cases/goeq-dce-0323/artifacts/clang-llvm-o0-novol-v1/prog_a/module.ll,dataset/cases/goeq-dce-0323/artifacts/clang-llvm-o0-novol-v1/prog_b/module.ll,,
goeq-dce-0326,dataset/cases/goeq-dce-0326/artifacts/clang-llvm-o0-novol-v1,novol,True,True,True,dataset/cases/goeq-dce-0326/artifacts/clang-llvm-o0-novol-v1/prog_a/normalized.novol.c,dataset/cases/goeq-dce-0326/artifacts/clang-llvm-o0-novol-v1/prog_b/normalized.novol.c,dataset/cases/goeq-dce-0326/artifacts/clang-llvm-o0-novol-v1/prog_a/module.ll,dataset/cases/goeq-dce-0326/artifacts/clang-llvm-o0-novol-v1/prog_b/module.ll,,
goeq-dce-0327,dataset/cases/goeq-dce-0327/artifacts/clang-llvm-o0-novol-v1,novol,True,True,True,dataset/cases/goeq-dce-0327/artifacts/clang-llvm-o0-novol-v1/prog_a/normalized.novol.c,dataset/cases/goeq-dce-0327/artifacts/clang-llvm-o0-novol-v1/prog_b/normalized.novol.c,dataset/cases/goeq-dce-0327/artifacts/clang-llvm-o0-novol-v1/prog_a/module.ll,dataset/cases/goeq-dce-0327/artifacts/clang-llvm-o0-novol-v1/prog_b/module.ll,,
goeq-dce-0334,dataset/cases/goeq-dce-0334/artifacts/clang-llvm-o0-novol-v1,novol,True,True,True,dataset/cases/goeq-dce-0334/artifacts/clang-llvm-o0-novol-v1/prog_a/normalized.novol.c,dataset/cases/goeq-dce-0334/artifacts/clang-llvm-o0-novol-v1/prog_b/normalized.novol.c,dataset/cases/goeq-dce-0334/artifacts/clang-llvm-o0-novol-v1/prog_a/module.ll,dataset/cases/goeq-dce-0334/artifacts/clang-llvm-o0-novol-v1/prog_b/module.ll,,
goeq-dce-0335,dataset/cases/goeq-dce-0335/artifacts/clang-llvm-o0-novol-v1,novol,True,True,True,dataset/cases/goeq-dce-0335/artifacts/clang-llvm-o0-novol-v1/prog_a/normalized.novol.c,dataset/cases/goeq-dce-0335/artifacts/clang-llvm-o0-novol-v1/prog_b/normalized.novol.c,dataset/cases/goeq-dce-0335/artifacts/clang-llvm-o0-novol-v1/prog_a/module.ll,dataset/cases/goeq-dce-0335/artifacts/clang-llvm-o0-novol-v1/prog_b/module.ll,,
goeq-dce-0348,dataset/cases/goeq-dce-0348/artifacts/clang-llvm-o0-novol-v1,novol,True,True,True,dataset/cases/goeq-dce-0348/artifacts/clang-llvm-o0-novol-v1/prog_a/normalized.novol.c,dataset/cases/goeq-dce-0348/artifacts/clang-llvm-o0-novol-v1/prog_b/normalized.novol.c,dataset/cases/goeq-dce-0348/artifacts/clang-llvm-o0-novol-v1/prog_a/module.ll,dataset/cases/goeq-dce-0348/artifacts/clang-llvm-o0-novol-v1/prog_b/module.ll,,
goeq-dce-0349,dataset/cases/goeq-dce-0349/artifacts/clang-llvm-o0-novol-v1,novol,True,True,True,dataset/cases/goeq-dce-0349/artifacts/clang-llvm-o0-novol-v1/prog_a/normalized.novol.c,dataset/cases/goeq-dce-0349/artifacts/clang-llvm-o0-novol-v1/prog_b/normalized.novol.c,dataset/cases/goeq-dce-0349/artifacts/clang-llvm-o0-novol-v1/prog_a/module.ll,dataset/cases/goeq-dce-0349/artifacts/clang-llvm-o0-novol-v1/prog_b/module.ll,,
goeq-dce-0352,dataset/cases/goeq-dce-0352/artifacts/clang-llvm-o0-novol-v1,novol,True,True,True,dataset/cases/goeq-dce-0352/artifacts/clang-llvm-o0-novol-v1/prog_a/normalized.novol.c,dataset/cases/goeq-dce-0352/artifacts/clang-llvm-o0-novol-v1/prog_b/normalized.novol.c,dataset/cases/goeq-dce-0352/artifacts/clang-llvm-o0-novol-v1/prog_a/module.ll,dataset/cases/goeq-dce-0352/artifacts/clang-llvm-o0-novol-v1/prog_b/module.ll,,
goeq-dce-0353,dataset/cases/goeq-dce-0353/artifacts/clang-llvm-o0-novol-v1,novol,True,True,True,dataset/cases/goeq-dce-0353/artifacts/clang-llvm-o0-novol-v1/prog_a/normalized.novol.c,dataset/cases/goeq-dce-0353/artifacts/clang-llvm-o0-novol-v1/prog_b/normalized.novol.c,dataset/cases/goeq-dce-0353/artifacts/clang-llvm-o0-novol-v1/prog_a/module.ll,dataset/cases/goeq-dce-0353/artifacts/clang-llvm-o0-novol-v1/prog_b/module.ll,,
goeq-dce-0354,dataset/cases/goeq-dce-0354/artifacts/clang-llvm-o0-novol-v1,novol,True,True,True,dataset/cases/goeq-dce-0354/artifacts/clang-llvm-o0-novol-v1/prog_a/normalized.novol.c,dataset/cases/goeq-dce-0354/artifacts/clang-llvm-o0-novol-v1/prog_b/normalized.novol.c,dataset/cases/goeq-dce-0354/artifacts/clang-llvm-o0-novol-v1/prog_a/module.ll,dataset/cases/goeq-dce-0354/artifacts/clang-llvm-o0-novol-v1/prog_b/module.ll,,
goeq-dce-0355,dataset/cases/goeq-dce-0355/artifacts/clang-llvm-o0-novol-v1,novol,True,True,True,dataset/cases/goeq-dce-0355/artifacts/clang-llvm-o0-novol-v1/prog_a/normalized.novol.c,dataset/cases/goeq-dce-0355/artifacts/clang-llvm-o0-novol-v1/prog_b/normalized.novol.c,dataset/cases/goeq-dce-0355/artifacts/clang-llvm-o0-novol-v1/prog_a/module.ll,dataset/cases/goeq-dce-0355/artifacts/clang-llvm-o0-novol-v1/prog_b/module.ll,,
goeq-dce-0356,dataset/cases/goeq-dce-0356/artifacts/clang-llvm-o0-novol-v1,novol,True,True,True,dataset/cases/goeq-dce-0356/artifacts/clang-llvm-o0-novol-v1/prog_a/normalized.novol.c,dataset/cases/goeq-dce-0356/artifacts/clang-llvm-o0-novol-v1/prog_b/normalized.novol.c,dataset/cases/goeq-dce-0356/artifacts/clang-llvm-o0-novol-v1/prog_a/module.ll,dataset/cases/goeq-dce-0356/artifacts/clang-llvm-o0-novol-v1/prog_b/module.ll,,
goeq-dce-0357,dataset/cases/goeq-dce-0357/artifacts/clang-llvm-o0-novol-v1,novol,True,True,True,dataset/cases/goeq-dce-0357/artifacts/clang-llvm-o0-novol-v1/prog_a/normalized.novol.c,dataset/cases/goeq-dce-0357/artifacts/clang-llvm-o0-novol-v1/prog_b/normalized.novol.c,dataset/cases/goeq-dce-0357/artifacts/clang-llvm-o0-novol-v1/prog_a/module.ll,dataset/cases/goeq-dce-0357/artifacts/clang-llvm-o0-novol-v1/prog_b/module.ll,,
goeq-dce-0360,dataset/cases/goeq-dce-0360/artifacts/clang-llvm-o0-novol-v1,novol,True,True,True,dataset/cases/goeq-dce-0360/artifacts/clang-llvm-o0-novol-v1/prog_a/normalized.novol.c,dataset/cases/goeq-dce-0360/artifacts/clang-llvm-o0-novol-v1/prog_b/normalized.novol.c,dataset/cases/goeq-dce-0360/artifacts/clang-llvm-o0-novol-v1/prog_a/module.ll,dataset/cases/goeq-dce-0360/artifacts/clang-llvm-o0-novol-v1/prog_b/module.ll,,
goeq-dce-0361,dataset/cases/goeq-dce-0361/artifacts/clang-llvm-o0-novol-v1,novol,True,True,True,dataset/cases/goeq-dce-0361/artifacts/clang-llvm-o0-novol-v1/prog_a/normalized.novol.c,dataset/cases/goeq-dce-0361/artifacts/clang-llvm-o0-novol-v1/prog_b/normalized.novol.c,dataset/cases/goeq-dce-0361/artifacts/clang-llvm-o0-novol-v1/prog_a/module.ll,dataset/cases/goeq-dce-0361/artifacts/clang-llvm-o0-novol-v1/prog_b/module.ll,,
goeq-dce-0364,dataset/cases/goeq-dce-0364/artifacts/clang-llvm-o0-novol-v1,novol,True,True,True,dataset/cases/goeq-dce-0364/artifacts/clang-llvm-o0-novol-v1/prog_a/normalized.novol.c,dataset/cases/goeq-dce-0364/artifacts/clang-llvm-o0-novol-v1/prog_b/normalized.novol.c,dataset/cases/goeq-dce-0364/artifacts/clang-llvm-o0-novol-v1/prog_a/module.ll,dataset/cases/goeq-dce-0364/artifacts/clang-llvm-o0-novol-v1/prog_b/module.ll,,
goeq-dce-0365,dataset/cases/goeq-dce-0365/artifacts/clang-llvm-o0-novol-v1,novol,True,True,True,dataset/cases/goeq-dce-0365/artifacts/clang-llvm-o0-novol-v1/prog_a/normalized.novol.c,dataset/cases/goeq-dce-0365/artifacts/clang-llvm-o0-novol-v1/prog_b/normalized.novol.c,dataset/cases/goeq-dce-0365/artifacts/clang-llvm-o0-novol-v1/prog_a/module.ll,dataset/cases/goeq-dce-0365/artifacts/clang-llvm-o0-novol-v1/prog_b/module.ll,,
goeq-dce-0370,dataset/cases/goeq-dce-0370/artifacts/clang-llvm-o0-novol-v1,novol,True,True,True,dataset/cases/goeq-dce-0370/artifacts/clang-llvm-o0-novol-v1/prog_a/normalized.novol.c,dataset/cases/goeq-dce-0370/artifacts/clang-llvm-o0-novol-v1/prog_b/normalized.novol.c,dataset/cases/goeq-dce-0370/artifacts/clang-llvm-o0-novol-v1/prog_a/module.ll,dataset/cases/goeq-dce-0370/artifacts/clang-llvm-o0-novol-v1/prog_b/module.ll,,
goeq-dce-0371,dataset/cases/goeq-dce-0371/artifacts/clang-llvm-o0-novol-v1,novol,True,True,True,dataset/cases/goeq-dce-0371/artifacts/clang-llvm-o0-novol-v1/prog_a/normalized.novol.c,dataset/cases/goeq-dce-0371/artifacts/clang-llvm-o0-novol-v1/prog_b/normalized.novol.c,dataset/cases/goeq-dce-0371/artifacts/clang-llvm-o0-novol-v1/prog_a/module.ll,dataset/cases/goeq-dce-0371/artifacts/clang-llvm-o0-novol-v1/prog_b/module.ll,,
goeq-dce-0372,dataset/cases/goeq-dce-0372/artifacts/clang-llvm-o0-novol-v1,novol,True,True,True,dataset/cases/goeq-dce-0372/artifacts/clang-llvm-o0-novol-v1/prog_a/normalized.novol.c,dataset/cases/goeq-dce-0372/artifacts/clang-llvm-o0-novol-v1/prog_b/normalized.novol.c,dataset/cases/goeq-dce-0372/artifacts/clang-llvm-o0-novol-v1/prog_a/module.ll,dataset/cases/goeq-dce-0372/artifacts/clang-llvm-o0-novol-v1/prog_b/module.ll,,
goeq-dce-0373,dataset/cases/goeq-dce-0373/artifacts/clang-llvm-o0-novol-v1,novol,True,True,True,dataset/cases/goeq-dce-0373/artifacts/clang-llvm-o0-novol-v1/prog_a/normalized.novol.c,dataset/cases/goeq-dce-0373/artifacts/clang-llvm-o0-novol-v1/prog_b/normalized.novol.c,dataset/cases/goeq-dce-0373/artifacts/clang-llvm-o0-novol-v1/prog_a/module.ll,dataset/cases/goeq-dce-0373/artifacts/clang-llvm-o0-novol-v1/prog_b/module.ll,,
goeq-dce-0378,dataset/cases/goeq-dce-0378/artifacts/clang-llvm-o0-novol-v1,novol,True,True,True,dataset/cases/goeq-dce-0378/artifacts/clang-llvm-o0-novol-v1/prog_a/normalized.novol.c,dataset/cases/goeq-dce-0378/artifacts/clang-llvm-o0-novol-v1/prog_b/normalized.novol.c,dataset/cases/goeq-dce-0378/artifacts/clang-llvm-o0-novol-v1/prog_a/module.ll,dataset/cases/goeq-dce-0378/artifacts/clang-llvm-o0-novol-v1/prog_b/module.ll,,
goeq-dce-0379,dataset/cases/goeq-dce-0379/artifacts/clang-llvm-o0-novol-v1,novol,True,True,True,dataset/cases/goeq-dce-0379/artifacts/clang-llvm-o0-novol-v1/prog_a/normalized.novol.c,dataset/cases/goeq-dce-0379/artifacts/clang-llvm-o0-novol-v1/prog_b/normalized.novol.c,dataset/cases/goeq-dce-0379/artifacts/clang-llvm-o0-novol-v1/prog_a/module.ll,dataset/cases/goeq-dce-0379/artifacts/clang-llvm-o0-novol-v1/prog_b/module.ll,,
goeq-dce-0380,dataset/cases/goeq-dce-0380/artifacts/clang-llvm-o0-novol-v1,novol,True,True,True,dataset/cases/goeq-dce-0380/artifacts/clang-llvm-o0-novol-v1/prog_a/normalized.novol.c,dataset/cases/goeq-dce-0380/artifacts/clang-llvm-o0-novol-v1/prog_b/normalized.novol.c,dataset/cases/goeq-dce-0380/artifacts/clang-llvm-o0-novol-v1/prog_a/module.ll,dataset/cases/goeq-dce-0380/artifacts/clang-llvm-o0-novol-v1/prog_b/module.ll,,
goeq-dce-0384,dataset/cases/goeq-dce-0384/artifacts/clang-llvm-o0-novol-v1,novol,True,True,True,dataset/cases/goeq-dce-0384/artifacts/clang-llvm-o0-novol-v1/prog_a/normalized.novol.c,dataset/cases/goeq-dce-0384/artifacts/clang-llvm-o0-novol-v1/prog_b/normalized.novol.c,dataset/cases/goeq-dce-0384/artifacts/clang-llvm-o0-novol-v1/prog_a/module.ll,dataset/cases/goeq-dce-0384/artifacts/clang-llvm-o0-novol-v1/prog_b/module.ll,,
goeq-dce-0385,dataset/cases/goeq-dce-0385/artifacts/clang-llvm-o0-novol-v1,novol,True,True,True,dataset/cases/goeq-dce-0385/artifacts/clang-llvm-o0-novol-v1/prog_a/normalized.novol.c,dataset/cases/goeq-dce-0385/artifacts/clang-llvm-o0-novol-v1/prog_b/normalized.novol.c,dataset/cases/goeq-dce-0385/artifacts/clang-llvm-o0-novol-v1/prog_a/module.ll,dataset/cases/goeq-dce-0385/artifacts/clang-llvm-o0-novol-v1/prog_b/module.ll,,
goeq-dce-0390,dataset/cases/goeq-dce-0390/artifacts/clang-llvm-o0-novol-v1,novol,True,True,True,dataset/cases/goeq-dce-0390/artifacts/clang-llvm-o0-novol-v1/prog_a/normalized.novol.c,dataset/cases/goeq-dce-0390/artifacts/clang-llvm-o0-novol-v1/prog_b/normalized.novol.c,dataset/cases/goeq-dce-0390/artifacts/clang-llvm-o0-novol-v1/prog_a/module.ll,dataset/cases/goeq-dce-0390/artifacts/clang-llvm-o0-novol-v1/prog_b/module.ll,,
goeq-dce-0391,dataset/cases/goeq-dce-0391/artifacts/clang-llvm-o0-novol-v1,novol,True,True,True,dataset/cases/goeq-dce-0391/artifacts/clang-llvm-o0-novol-v1/prog_a/normalized.novol.c,dataset/cases/goeq-dce-0391/artifacts/clang-llvm-o0-novol-v1/prog_b/normalized.novol.c,dataset/cases/goeq-dce-0391/artifacts/clang-llvm-o0-novol-v1/prog_a/module.ll,dataset/cases/goeq-dce-0391/artifacts/clang-llvm-o0-novol-v1/prog_b/module.ll,,
goeq-dce-0392,dataset/cases/goeq-dce-0392/artifacts/clang-llvm-o0-novol-v1,novol,True,True,True,dataset/cases/goeq-dce-0392/artifacts/clang-llvm-o0-novol-v1/prog_a/normalized.novol.c,dataset/cases/goeq-dce-0392/artifacts/clang-llvm-o0-novol-v1/prog_b/normalized.novol.c,dataset/cases/goeq-dce-0392/artifacts/clang-llvm-o0-novol-v1/prog_a/module.ll,dataset/cases/goeq-dce-0392/artifacts/clang-llvm-o0-novol-v1/prog_b/module.ll,,
goeq-dce-0393,dataset/cases/goeq-dce-0393/artifacts/clang-llvm-o0-novol-v1,novol,True,True,True,dataset/cases/goeq-dce-0393/artifacts/clang-llvm-o0-novol-v1/prog_a/normalized.novol.c,dataset/cases/goeq-dce-0393/artifacts/clang-llvm-o0-novol-v1/prog_b/normalized.novol.c,dataset/cases/goeq-dce-0393/artifacts/clang-llvm-o0-novol-v1/prog_a/module.ll,dataset/cases/goeq-dce-0393/artifacts/clang-llvm-o0-novol-v1/prog_b/module.ll,,
